[
	{
		"model": "cart.cart",
		"pk": 1,
		"fields": {
			"products_count": 20,
			"user": null,
			"order": null,
			"product_seller": 1
		}
	},
	{
		"model": "cart.cart",
		"pk": 2,
		"fields": {
			"products_count": 7,
			"user": null,
			"order": null,
			"product_seller": 3
		}
	},
	{
		"model": "cart.cart",
		"pk": 3,
		"fields": {
			"products_count": 15,
			"user": null,
			"order": null,
			"product_seller": 3
		}
	},
	{
		"model": "cart.cart",
		"pk": 4,
		"fields": {
			"products_count": 8,
			"user": null,
			"order": null,
			"product_seller": 4
		}
	},
	{
		"model": "catalog_category.catalogcategory",
		"pk": 1,
		"fields": {
			"name": "Телевизоры",
			"icon": "catalog_category/icons/1/1.svg"
		}
	},
	{
		"model": "catalog_category.catalogcategory",
		"pk": 2,
		"fields": {
			"name": "Скидки!",
			"icon": "catalog_category/icons/2/4.svg"
		}
	},
	{
		"model": "catalog_category.catalogcategory",
		"pk": 3,
		"fields": {
			"name": "Мобильные телефоны",
			"icon": "catalog_category/icons/3/8.svg"
		}
	},
	{
		"model": "catalog_category.catalogcategory",
		"pk": 4,
		"fields": {
			"name": "Электроника",
			"icon": "catalog_category/icons/4/5.svg"
		}
	},
	{
		"model": "catalog_category.catalogcategory",
		"pk": 5,
		"fields": {
			"name": "Микроволновые печи",
			"icon": "catalog_category/icons/5/9.svg"
		}
	},
	{
		"model": "catalog_category.catalogcategory",
		"pk": 6,
		"fields": {
			"name": "Торшеры",
			"icon": "catalog_category/icons/6/11.svg"
		}
	},
	{
		"model": "catalog_category.catalogcategory",
		"pk": 7,
		"fields": {
			"name": "Фурнитура",
			"icon": "catalog_category/icons/7/7.svg"
		}
	},
	{
		"model": "catalog_category.catalogcategory",
		"pk": 8,
		"fields": {
			"name": "Кухонная техника",
			"icon": "catalog_category/icons/8/10.svg"
		}
	},
	{
		"model": "catalog_category.catalogcategory",
		"pk": 9,
		"fields": {
			"name": "Фотоаппараты",
			"icon": "catalog_category/icons/9/6.svg"
		}
	},
	{
		"model": "catalog_category.catalogcategory",
		"pk": 10,
		"fields": {
			"name": "Наушники",
			"icon": "catalog_category/icons/10/2.svg"
		}
	},
	{
		"model": "catalog_category.catalogcategory",
		"pk": 11,
		"fields": {
			"name": "Стиральные машины",
			"icon": "catalog_category/icons/11/3.svg"
		}
	},
	{
		"model": "delivery.delivery",
		"pk": 1,
		"fields": {
			"price": 500.0,
			"order_sum": 0.0,
			"verbose": "Express"
		}
	},
	{
		"model": "order.order",
		"pk": 1,
		"fields": {
			"delivery": 1,
			"user": 4,
			"city_to": "Люберцы",
			"address_to": "ул Жопа мира",
			"created_at": "2023-07-28T12:59:46Z"
		}
	},
	{
		"model": "payment.payment",
		"pk": 1,
		"fields": {
			"order": 1,
			"sum": 4000.0,
			"status": "DONE",
			"created_at": "2023-07-28T13:02:17Z"
		}
	},
	{
		"model": "product.product",
		"pk": 1,
		"fields": {
			"name": "10.61\" Планшет Xiaomi Redmi Pa",
			"catalog_category": 5,
			"description": "Xiaomi Redmi Pad – планшет с большим 10,61-дюймовым экраном, тонким корпусом, стильным дизайном и первоклассными комплектующими гарантированно удовлетворит любые ваши потребности. Планшет оснащен процессором MediaTek Helio G99, а экран с частотой обновления 90 Гц работает невероятно плавно. Аккумулятор емкостью 8000 мА ч избавит вас от любых забот, связанных с зарядкой. Производительность значительно улучшена благодаря флагманскому 6-нм техпроцессу. Наслаждайтесь скоростью воспроизведения. Модель обладает утончённым дизайном, невероятно удобный цельнометаллический корпус, симметричные лицевые панели и плоские рамки делают Redmi Pad абсолютно комфортно в пользовании. 10,61-дюймовый, безрамочный 2К-дисплей с частотой обновления 90 Гц подарит невероятные аудио-и видеоразвлечения. Планшет оснащён дисплеем с низким уровнем синего света, сертифицированном TÜV Rheinland, который всегда защищает ваши глаза. Redmi Pad - первый планшет в мире, получивший сертификат снижения утомляемости зрения"
		}
	},
	{
		"model": "product.product",
		"pk": 2,
		"fields": {
			"name": "Умные часы Apple Watch Ultra 4",
			"catalog_category": 4,
			"description": "Чтобы создать идеальные спортивные часы, мы тщательно проработали каждый элемент с особым вниманием к деталям, обеспечивая непревзойденную производительность. Титан обеспечивает идеальный баланс между весом, прочностью и устойчивостью к коррозии. Новый дизайн корпуса поднимается вверх, окружая плоское сапфировое стекло и защищая его от ударов по краям. Цифровая заводная головка больше, а боковая кнопка выступает из корпуса, что упрощает использование часов в перчатках.\r\nСпециально для Apple Watch Ultra циферблат Wayfinder оснащен циферблатом времени, который можно переключать на компас в режиме реального времени, и имеет восемь дополнительных функций. В условиях низкой освещенности вы можете повернуть цифровую заводную головку, чтобы активировать ночной режим, и увидеть, как циферблат часов становится ярко-красным."
		}
	},
	{
		"model": "product.product",
		"pk": 3,
		"fields": {
			"name": "Смартфон Apple iPhone 14 Pro 1",
			"catalog_category": 3,
			"description": "Новый волшебный способ взаимодействия с iPhone.\r\nНоваторские функции безопасности, призванные спасать жизни.\r\nИнновационная 48-мегапиксельная камера для потрясающей детализации.\r\nВсе они оснащены новейшим чипом для смартфонов.\r\nС керамическим экраном, более прочным, чем стекло любого смартфона. Водонепроницаемость. Нержавеющая сталь хирургического класса.\r\n\r\nПредставляем Dynamic Island, по-настоящему инновационную разработку Apple, состоящую из аппаратного и программного обеспечения. Он воспроизводит музыку, спортивные результаты, FaceTime и многое другое — и все это, не отвлекая вас от того, что вы делаете.\r\n\r\nДисплей всегда включен. Всегда наготове. Дисплей, который на солнце становится в 2 раза ярче. Теперь экран блокировки всегда виден, поэтому вам даже не нужно нажимать на него, чтобы оставаться в курсе событий. Когда iPhone повернут лицевой стороной вниз или лежит в кармане, он гаснет, чтобы сэкономить время автономной работы."
		}
	},
	{
		"model": "product.product",
		"pk": 4,
		"fields": {
			"name": "8.3\" Планшет Apple iPad mini 2",
			"catalog_category": 5,
			"description": "Великолепный дисплей Liquid Retina с диагональю 8,3 дюйма занимает всю переднюю панель. Экран стал больше, но устройство осталось компактным и помещается у вас на ладони.\r\nApple Pencil теперь можно примагнитить к боковой поверхности iPad mini — так он будет всегда под рукой.\r\nНовый чип A15 Bionic и аккумулятор, которого хватит на целый день, — с ними вы можете работать, творить и играть где угодно."
		}
	},
	{
		"model": "product.product",
		"pk": 5,
		"fields": {
			"name": "Планшет Honor Pad X8 Lite 3+32",
			"catalog_category": 5,
			"description": "Honor Pad X8 Lite\r\nКлючевыми особенностями планшета стали большой экран, продвинутая акустическая система и поддержка многооконного режима.\r\nПри толщине корпуса 7,55 мм, вес Honor Pad X8 Lite составляет 460 граммов. Планшет оснащается 9,7-дюймовым LCD-экраном с разрешением 1280х800 пикселей. За производительность новинки отвечает восьмиядерный процессор MediaTek Helio G80. Автономность устройства обеспечивает аккумулятор ёмкостью 5100 мАч, зарядка осуществляется через порт USB Type-C. Работает планшет под управлением операционной системы Android 12 с фирменным пользовательским интерфейсом Magic UI 6.1.\r\nПроцессор: MediaTek MT8786"
		}
	},
	{
		"model": "product.product",
		"pk": 6,
		"fields": {
			"name": "Планшет Teclast T40 Pro 2023 L",
			"catalog_category": 5,
			"description": "T40 pro работает на базе новейшей ОС Android 11.0, обеспечивая полный доступ к сервисам Google (включая Google Play, G-mail, Google Maps и т. д.). Из google play можно загрузить все необходимые программы: youtube, twitter, google maps, g-mail и т. д. T40 Pro отлично поддерживает российские и местные сети 4G, поэтому вы можете использовать его по своему усмотрению. Скорость планшета обеспечивается благодаря сверхбыстрому 8-ядерному процессору в сочетании с 8 ГБ ОЗУ, 128 ГБ ПЗУ, что позволяет запускать несколько приложений одновременно без задержек, а также запускать новейшие высококачественные игры и мультимедиа. Планшет T40 pro оснащен модемом 4G / LTE и Wi-Fi для превосходного подключения. Поэтому, если вы не находитесь в зоне действия Wi-Fi, используйте слот для SIM-карты, чтобы пользоваться мобильным интернетом."
		}
	},
	{
		"model": "product.product",
		"pk": 7,
		"fields": {
			"name": "14\" Ноутбук Apple Macbook Pro",
			"catalog_category": 6,
			"description": "Apple MacBook Pro 14 (2021) — самый мощный MacBook Pro в истории, который базируется на высокотехнологичном чипе M1 Pro. Пропускная способность памяти составляет более 200 ГБ/с, а еще есть возможность подключения двух мониторов. MacBook Pro 14 (2021) оснащен превосходным дисплеем Liquid Retina XDR с экстремальным динамическим диапазоном и высочайшей контрастностью."
		}
	},
	{
		"model": "product.product",
		"pk": 8,
		"fields": {
			"name": "15.6\" Ноутбук Acer Aspire 3 A3",
			"catalog_category": 6,
			"description": "Страна Китай Гарантия 1 год основные характеристики Тип Ноутбук Операционная система Без ОС экран Диагональ экрана 15.6\" Разрешение экрана 1920x1080 Пикс Тип матрицы TN процессор Производитель процессора Intel Модель процессора Celeron N4000 Тактовая част"
		}
	},
	{
		"model": "product.product",
		"pk": 9,
		"fields": {
			"name": "15.6\" Ноутбук ASUS TUF Dash F1",
			"catalog_category": 6,
			"description": "Мощный игровой ноутбук на базе десятиядерного процессора Intel Core i7 - 12650H с частотой 2.3 ГГц - 4.7 ГГц, с оперативной памятью DDR5 объемом 16384 Мб, SSD 1000 Гб для супербыстрой работы операционной системы будет Вашим надежным помощником в бизнесе и дома. Матовый дисплей ноутбука 15.6\" по технологии IPS с разрешением Full HD 1920x1080 прекрасно передает изображение благодаря видеокарте от nVidia на базе графического чипсета GeForce RTX 3060 с 6144 Мб дискретной видеопамяти. Ноутбук ASUS TUF Dash F15 FX517ZM-HN157 90NR09Q3-M009Z0 черного цвета с временем автономной работы до 6 ч имеет вес 2 кг при размерах 360х19.9х252 мм и оборудован всем необходимым: веб-камера, стереодинамики, микрофон, USB3.2 - 2 шт, RJ45 (LAN), Output (наушники), Mic in (микрофон), HDMI, MiniDisplayPort, WiFi, Bluetooth. На лэптопе предустановлена операционная система DOS."
		}
	},
	{
		"model": "product.product",
		"pk": 10,
		"fields": {
			"name": "15.6\" Ноутбук Gigabyte G5 GE 1",
			"catalog_category": 6,
			"description": "Игровой ноутбук Gigabyte G5 - это отличное решение для тех, кто ищет мощный и надежный компьютер для игр и работы. Он оснащен процессором Intel Core i5-12500H 12 поколения, видеокартой NVIDIA GeForce RTX 3050 и 8 ГБ оперативной памяти. SSD на 512 ГБ обеспечивает быструю загрузку программ и файлов.\r\nНоутбук имеет экран с разрешением 1920 x 1080 пикселей и частотой обновления 144 Гц, что обеспечивает плавное и быстрое изображение. Кроме того, он имеет матовое покрытие экрана и подсветку клавиатуры, что делает работу комфортной даже в условиях недостаточного освещения."
		}
	},
	{
		"model": "product.product",
		"pk": 11,
		"fields": {
			"name": "27\" Монитор HUAWEI MateView GT",
			"catalog_category": 7,
			"description": "Бренд: HUAWEI\r\nДля геймеров: ДА\r\nРазъем HDMI: ДА\r\nЦвет рамки: черный\r\nЦвет подставки: черный\r\nДлина упаковки (ед): 0.71\r\nГабариты упаковки (ед) ДхШхВ: 0.71x0.22x0.45\r\nШирина упаковки (ед): 0.22\r\nОбъем упаковки (ед): 0.07029\r\nМодель: Display B3-271Q\r\nPartNumber/Артикул Производителя: 53060794\r\nВес упаковки (ед): 10.2\r\nВысота упаковки (ед): 0.45\r\nЦветовой охват: sRGB 100%\r\nЧастота обновления: 165\r\nУгол обзора горизонт: 178"
		}
	},
	{
		"model": "product.product",
		"pk": 12,
		"fields": {
			"name": "23.8\" Монитор Acer K243YBMIX,",
			"catalog_category": 7,
			"description": "Благодаря разрешению Full HD 1080p монитор обеспечивает реалистичную цветопередачу и четкость изображения. С соотношением сторон 16:9 и разрешением 1920x1080 фильмы и игры выглядят реалистичнее, а текст и детали — более четко.\r\nЭргономика\r\nаПрочная подставка позволяет легко настроить дисплей от –5 до 15 градусов для оптимального просмотра и предотвращения возможных бликов."
		}
	},
	{
		"model": "product.productimage",
		"pk": 2,
		"fields": {
			"name": "iphone1",
			"product": 3,
			"image": "product/images/3/iphone14pro1.webp"
		}
	},
	{
		"model": "product.productimage",
		"pk": 3,
		"fields": {
			"name": "iphone2",
			"product": 3,
			"image": "product/images/3/iphone14pro2.webp"
		}
	},
	{
		"model": "product.productimage",
		"pk": 4,
		"fields": {
			"name": "iphone3",
			"product": 3,
			"image": "product/images/3/iphone14pro3.webp"
		}
	},
	{
		"model": "product.productimage",
		"pk": 5,
		"fields": {
			"name": "iphone4",
			"product": 3,
			"image": "product/images/3/iphone14pro4.webp"
		}
	},
	{
		"model": "product.productimage",
		"pk": 6,
		"fields": {
			"name": "xiaomi1061",
			"product": 1,
			"image": "product/images/1/xiaomi_10.6.webp"
		}
	},
	{
		"model": "product.productimage",
		"pk": 7,
		"fields": {
			"name": "xiaomi1062",
			"product": 1,
			"image": "product/images/1/xiaomi_10.62.webp"
		}
	},
	{
		"model": "product.productimage",
		"pk": 8,
		"fields": {
			"name": "xiaomi1063",
			"product": 1,
			"image": "product/images/1/xiaomi_10.63.webp"
		}
	},
	{
		"model": "product.productimage",
		"pk": 9,
		"fields": {
			"name": "xiaomi1064",
			"product": 1,
			"image": "product/images/1/xiaomi_10.64.webp"
		}
	},
	{
		"model": "product.productimage",
		"pk": 10,
		"fields": {
			"name": "applewatch1",
			"product": 2,
			"image": "product/images/2/applewatch1.webp"
		}
	},
	{
		"model": "product.productimage",
		"pk": 11,
		"fields": {
			"name": "applewatch2",
			"product": 2,
			"image": "product/images/2/applewatch2.webp"
		}
	},
	{
		"model": "product.productimage",
		"pk": 12,
		"fields": {
			"name": "applewatch3",
			"product": 2,
			"image": "product/images/2/applewatch3.webp"
		}
	},
	{
		"model": "product.productimage",
		"pk": 13,
		"fields": {
			"name": "applewatch4",
			"product": 2,
			"image": "product/images/2/applewatch4.webp"
		}
	},
	{
		"model": "product.productimage",
		"pk": 14,
		"fields": {
			"name": "ipadmini",
			"product": 4,
			"image": "product/images/4/ipadmini.webp"
		}
	},
	{
		"model": "product.productimage",
		"pk": 15,
		"fields": {
			"name": "ipadmini2",
			"product": 4,
			"image": "product/images/4/ipadmini2.webp"
		}
	},
	{
		"model": "product.productimage",
		"pk": 16,
		"fields": {
			"name": "ipadmini3",
			"product": 4,
			"image": "product/images/4/ipadmini3.webp"
		}
	},
	{
		"model": "product.productimage",
		"pk": 17,
		"fields": {
			"name": "ipadmini4",
			"product": 4,
			"image": "product/images/4/ipadmini4.webp"
		}
	},
	{
		"model": "product.productimage",
		"pk": 18,
		"fields": {
			"name": "honorpad",
			"product": 5,
			"image": "product/images/5/honorpad.webp"
		}
	},
	{
		"model": "product.productimage",
		"pk": 19,
		"fields": {
			"name": "honorpad1",
			"product": 5,
			"image": "product/images/5honorpad1.webp"
		}
	},
	{
		"model": "product.productimage",
		"pk": 20,
		"fields": {
			"name": "honorpad2",
			"product": 5,
			"image": "product/images/5/honorpad2.webp"
		}
	},
	{
		"model": "product.productimage",
		"pk": 21,
		"fields": {
			"name": "honorpad3",
			"product": 5,
			"image": "product/images/5/honorpad3.webp"
		}
	},
	{
		"model": "product.productimage",
		"pk": 22,
		"fields": {
			"name": "honorpad4",
			"product": 5,
			"image": "product/images/5/honorpad4.webp"
		}
	},
	{
		"model": "product.productimage",
		"pk": 23,
		"fields": {
			"name": "teclast",
			"product": 6,
			"image": "product/images/6/teclast.webp"
		}
	},
	{
		"model": "product.productimage",
		"pk": 24,
		"fields": {
			"name": "honorpad1_SydAOyi",
			"product": 5,
			"image": "product/images/5/honorpad1_SydAOyi.webp"
		}
	},
	{
		"model": "product.productimage",
		"pk": 25,
		"fields": {
			"name": "honorpad2_MgVxA0v",
			"product": 5,
			"image": "product/images/5/honorpad2_MgVxA0v.webp"
		}
	},
	{
		"model": "product.productimage",
		"pk": 26,
		"fields": {
			"name": "teclast3",
			"product": 6,
			"image": "product/images/6/teclast3.webp"
		}
	},
	{
		"model": "product.productimage",
		"pk": 27,
		"fields": {
			"name": "teclast4",
			"product": 6,
			"image": "product/images/6/teclast4.webp"
		}
	},
	{
		"model": "product.productimage",
		"pk": 28,
		"fields": {
			"name": "macbookpro",
			"product": 7,
			"image": "product/images/7/macbookpro.webp"
		}
	},
	{
		"model": "product.productimage",
		"pk": 29,
		"fields": {
			"name": "macbookpro1",
			"product": 7,
			"image": "product/images/7/macbookpro1.webp"
		}
	},
	{
		"model": "product.productimage",
		"pk": 30,
		"fields": {
			"name": "macbookpro2",
			"product": 7,
			"image": "product/images/7/macbookpro2.webp"
		}
	},
	{
		"model": "product.productimage",
		"pk": 31,
		"fields": {
			"name": "macbookpro3",
			"product": 7,
			"image": "product/images/7/macbookpro3.webp"
		}
	},
	{
		"model": "product.productimage",
		"pk": 32,
		"fields": {
			"name": "aceraspire",
			"product": 8,
			"image": "product/images/8/aceraspire.webp"
		}
	},
	{
		"model": "product.productimage",
		"pk": 33,
		"fields": {
			"name": "aceraspire1",
			"product": 8,
			"image": "product/images/8/aceraspire1.webp"
		}
	},
	{
		"model": "product.productimage",
		"pk": 34,
		"fields": {
			"name": "aceraspire2",
			"product": 8,
			"image": "product/images/8/aceraspire2.webp"
		}
	},
	{
		"model": "product.productimage",
		"pk": 35,
		"fields": {
			"name": "aceraspire3",
			"product": 8,
			"image": "product/images/8/aceraspire3.webp"
		}
	},
	{
		"model": "product.productimage",
		"pk": 36,
		"fields": {
			"name": "asustuf",
			"product": 9,
			"image": "product/images/9/asustuf.webp"
		}
	},
	{
		"model": "product.productimage",
		"pk": 37,
		"fields": {
			"name": "asustuf1",
			"product": 9,
			"image": "product/images/9/aasustuf1.webp"
		}
	},
	{
		"model": "product.productimage",
		"pk": 38,
		"fields": {
			"name": "asustuf2",
			"product": 9,
			"image": "product/images/9/aasustuf2.webp"
		}
	},
	{
		"model": "product.productimage",
		"pk": 39,
		"fields": {
			"name": "asustuf3",
			"product": 9,
			"image": "product/images/9/aasustuf3.webp"
		}
	},
	{
		"model": "product.productimage",
		"pk": 40,
		"fields": {
			"name": "gigabyte",
			"product": 10,
			"image": "product/images/10/gigabyte.webp"
		}
	},
	{
		"model": "product.productimage",
		"pk": 41,
		"fields": {
			"name": "gigabyte1",
			"product": 10,
			"image": "product/images/10/gigabyte1.webp"
		}
	},
	{
		"model": "product.productimage",
		"pk": 42,
		"fields": {
			"name": "gigabyte2",
			"product": 10,
			"image": "product/images/10/gigabyte2.webp"
		}
	},
	{
		"model": "product.productimage",
		"pk": 43,
		"fields": {
			"name": "huaweimate",
			"product": 11,
			"image": "product/images/11/huaweimate.webp"
		}
	},
	{
		"model": "product.productimage",
		"pk": 44,
		"fields": {
			"name": "huaweimate1",
			"product": 11,
			"image": "product/images/11/huaweimate1.webp"
		}
	},
	{
		"model": "product.productimage",
		"pk": 45,
		"fields": {
			"name": "huaweimate2",
			"product": 11,
			"image": "product/images/11/huaweimate2.webp"
		}
	},
	{
		"model": "product.productimage",
		"pk": 46,
		"fields": {
			"name": "huaweimate3",
			"product": 11,
			"image": "product/images/11/huaweimate3.webp"
		}
	},
	{
		"model": "product.productimage",
		"pk": 47,
		"fields": {
			"name": "huaweimate4",
			"product": 11,
			"image": "product/images/11/huaweimate4.webp"
		}
	},
	{
		"model": "product.productimage",
		"pk": 48,
		"fields": {
			"name": "acerk243",
			"product": 12,
			"image": "product/images/12/acerk243.webp"
		}
	},
	{
		"model": "product.productimage",
		"pk": 49,
		"fields": {
			"name": "acerk2431",
			"product": 12,
			"image": "product/images/12/acerk2431.webp"
		}
	},
	{
		"model": "product.productimage",
		"pk": 50,
		"fields": {
			"name": "acerk2432",
			"product": 12,
			"image": "product/images/12/acerk2432.webp"
		}
	},
	{
		"model": "product.productimage",
		"pk": 51,
		"fields": {
			"name": "acerk2433",
			"product": 12,
			"image": "product/images/12/acerk2433.webp"
		}
	},
	{
		"model": "product.productimage",
		"pk": 52,
		"fields": {
			"name": "acerk2434",
			"product": 12,
			"image": "product/images/12/acerk2434.webp"
		}
	},
	{
		"model": "product_seller.productseller",
		"pk": 1,
		"fields": {
			"product": 2,
			"seller": 1,
			"products_count": 0,
			"price": 5000.0
		}
	},
	{
		"model": "product_seller.productseller",
		"pk": 2,
		"fields": {
			"product": 1,
			"seller": 1,
			"products_count": 5,
			"price": 10000.0
		}
	},
	{
		"model": "product_seller.productseller",
		"pk": 3,
		"fields": {
			"product": 1,
			"seller": 2,
			"products_count": 4,
			"price": 12121.0
		}
	},
	{
		"model": "product_seller.productseller",
		"pk": 4,
		"fields": {
			"product": 3,
			"seller": 2,
			"products_count": 3,
			"price": 7871.0
		}
	},
	{
		"model": "product_seller.productseller",
		"pk": 5,
		"fields": {
			"product": 3,
			"seller": 7,
			"products_count": 5,
			"price": 10000.0
		}
	},
	{
		"model": "product_seller.productseller",
		"pk": 6,
		"fields": {
			"product": 10,
			"seller": 2,
			"products_count": 4,
			"price": 5789.0
		}
	},
	{
		"model": "product_seller.productseller",
		"pk": 7,
		"fields": {
			"product": 8,
			"seller": 6,
			"products_count": 14,
			"price": 8986.0
		}
	},
	{
		"model": "product_seller.productseller",
		"pk": 8,
		"fields": {
			"product": 6,
			"seller": 3,
			"products_count": 10,
			"price": 14354.0
		}
	},
	{
		"model": "product_seller.productseller",
		"pk": 9,
		"fields": {
			"product": 5,
			"seller": 4,
			"products_count": 9,
			"price": 6769.0
		}
	},
	{
		"model": "product_seller.productseller",
		"pk": 10,
		"fields": {
			"product": 3,
			"seller": 7,
			"products_count": 14,
			"price": 9999.0
		}
	},
	{
		"model": "product_seller.productseller",
		"pk": 11,
		"fields": {
			"product": 1,
			"seller": 5,
			"products_count": 7,
			"price": 37632.0
		}
	},
	{
		"model": "product_seller.productseller",
		"pk": 12,
		"fields": {
			"product": 3,
			"seller": 4,
			"products_count": 8,
			"price": 29741.0
		}
	},
	{
		"model": "product_seller.productseller",
		"pk": 13,
		"fields": {
			"product": 8,
			"seller": 3,
			"products_count": 17,
			"price": 41000.0
		}
	},
	{
		"model": "product_seller.productseller",
		"pk": 14,
		"fields": {
			"product": 10,
			"seller": 6,
			"products_count": 6723,
			"price": 25488.0
		}
	},
	{
		"model": "product_seller.productseller",
		"pk": 15,
		"fields": {
			"product": 5,
			"seller": 2,
			"products_count": 4,
			"price": 17834.0
		}
	},
	{
		"model": "product_seller.productseller",
		"pk": 16,
		"fields": {
			"product": 11,
			"seller": 1,
			"products_count": 8,
			"price": 49912.0
		}
	},
	{
		"model": "product_seller.productseller",
		"pk": 17,
		"fields": {
			"product": 2,
			"seller": 3,
			"products_count": 6,
			"price": 19999.0
		}
	},
	{
		"model": "product_seller.productseller",
		"pk": 18,
		"fields": {
			"product": 5,
			"seller": 5,
			"products_count": 8789,
			"price": 12772.0
		}
	},
	{
		"model": "product_seller.productseller",
		"pk": 19,
		"fields": {
			"product": 11,
			"seller": 5,
			"products_count": 14,
			"price": 32897.0
		}
	},
	{
		"model": "product_seller.productseller",
		"pk": 20,
		"fields": {
			"product": 12,
			"seller": 5,
			"products_count": 6,
			"price": 42122.0
		}
	},
	{
		"model": "review.review",
		"pk": 1,
		"fields": {
			"product": 3,
			"user": 4,
			"comment": "Но есть одно НО!!! При заказе был выбор с какой сим картой телефон, 1 вариант: нано-сим+ е-сим, либо е-сим+ е- сим, естественно я выбрала привычный всем вариант с нано- сим!!!!! И какой вы думаете мне приехал телефон???? С двумя е-сим!!!!! Без возможности вставить нано сим , потому что там даже некуда вставлять ее!!!!! Очень отвратительное и безответственное отношение к покупателям!!! Так что будьте внимательны при заказе!!!!!",
			"created_at": "2023-07-12T11:42:27.166Z"
		}
	},
	{
		"model": "review.review",
		"pk": 2,
		"fields": {
			"product": 2,
			"user": 2,
			"comment": "Быстрая и сочная передача цвета.\r\nВ этой IPS матрице чёрный цвет ровный, засветов не заметно. Присутствует гибкая настройка изображения с отличными пресетами (то, что на старом выставлял вручную, тут предложил \"из коробки\"). Отклик 1мс. Ножка основания смотрится круто",
			"created_at": "2023-07-12T11:42:27.166Z"
		}
	},
	{
		"model": "review.review",
		"pk": 3,
		"fields": {
			"product": 11,
			"user": 1,
			"comment": "Уточняйте у продавца перед покупкой для какого рынка версия. Я прочитала описание, было указано, что тел поддерживает esim. Потом очень долго искала ее подключение в настройках. А, в итоге, выяснилось, что телефон на 2 физические карты. Благодарна маркету, что возврат оформили, т.к. эта функция очень важна для меня.",
			"created_at": "2023-07-12T11:42:27.166Z"
		}
	},
	{
		"model": "review.review",
		"pk": 4,
		"fields": {
			"product": 9,
			"user": 1,
			"comment": "В принципе, я понимал, на что иду, переходя с пикселя 4 на айфон.\r\nПриятный дизайн, отличная камера, хотя астрофотография все ещё слабее пикселя 4.\r\nВырез порадовал, смотрится нормально. Цвет немного другой в отличие от предыдущих моделей.\r\nПосле чистого андроида у гугл пиксель операционка Айфона конечно полная хрень. Заряд держит неплохо. Always on дисплей не вызывает восторга, норм.",
			"created_at": "2023-07-12T11:42:27.166Z"
		}
	},
	{
		"model": "review.review",
		"pk": 5,
		"fields": {
			"product": 8,
			"user": 1,
			"comment": "Android - открытая система. Это как плюс, но она же этим создаёт и кучу МИНУСОВ. iOS(iPhone) в этом плане лучшеНу так зависит от пользователя. А не надо на Android из-за того что он открытый ставить всё подряд до бесконечности, потом удалять, потом опять ставить всякие лаунчеры(Launcher)постоянно этим изменяя систему. А Удаляют как правило некорректно, в КЭШе куча мусора остаётся, толком ни кто не чистит КЭШ. Вот из-за этого Android потом и тормозит, потому что вся память ОЗУ забита мусором. Если базовую версию Android с завода не трогать. установить только мессенджеры и VLC,",
			"created_at": "2023-07-12T11:42:27.166Z"
		}
	},
	{
		"model": "review.review",
		"pk": 6,
		"fields": {
			"product": 3,
			"user": 2,
			"comment": "Очень рада, что появилась данная модель Apple iPhone. Модель полность оправдала мои ожидания, качество камеры обалденной, огромный плюс в том, что можно без проблем снимать в темное время суток и все будет хорошо видно на видео, чего не скажешь о 13 iPhone. И хоть цена и немного кусалась, но я решилась на данное приобретение. Отдельная благодарность менеджерам, связались быстро и все подсказали.",
			"created_at": "2023-07-12T11:42:27.166Z"
		}
	},
	{
		"model": "review.review",
		"pk": 8,
		"fields": {
			"product": 3,
			"user": 1,
			"comment": "Экран шик, перешел с 12 про, казалось что лучше уже некуда, но айфон удивил. Очень классный цвет - рамка теперь черная, линзы черные - красота! Работает все естественно идеально и очень быстро, камеры не сказать что сильно изменились, но все-таки стали получше, особенно заметно лучше стала фронталка. Анимация у острова прикольная.",
			"created_at": "2023-07-12T11:42:27.166Z"
		}
	},
	{
		"model": "review.review",
		"pk": 9,
		"fields": {
			"product": 12,
			"user": 1,
			"comment": "Относительно продавца - доставили из Москвы в Тюмень за 1,5 дня, всегда были на связи, озвучили и разъяснили всю нюансы покупки, чек был в посылке) 011010✌️",
			"created_at": "2023-07-12T11:42:27.166Z"
		}
	},
	{
		"model": "review.review",
		"pk": 10,
		"fields": {
			"product": 11,
			"user": 1,
			"comment": "Модель для Японского рынка. Все функционирует. Сотовая связь работает также, как и на Ростесте. Звук затвора камеры на беззвучном режиме не слышно. Всё отлично",
			"created_at": "2023-07-12T11:42:27.166Z"
		}
	},
	{
		"model": "review.review",
		"pk": 11,
		"fields": {
			"product": 5,
			"user": 1,
			"comment": "Пользуюсь всего несколько дней поэтому прошу не судить предвзято. Взял на замену iphone 13 pro, новый черный цвет смотрится по другому в отличии от графитового, модель 2890 никаких проблем с нашими сетями нет, все работает. Экран чтобы не говорили смотрится ярче, прирост в производительности есть, видно даже по анимации,",
			"created_at": "2023-07-12T11:42:27.166Z"
		}
	},
	{
		"model": "review.review",
		"pk": 12,
		"fields": {
			"product": 3,
			"user": 1,
			"comment": "Все работает на ios без проблем\r\nДаже камера снимает - главное ее запустить перед этим\r\nПровел тренировку с великом пишет трек все очень приятно и информативно.",
			"created_at": "2023-07-12T11:42:27.166Z"
		}
	},
	{
		"model": "review.review",
		"pk": 13,
		"fields": {
			"product": 9,
			"user": 1,
			"comment": "Данные часы либо так и останутся с набором функций для поддержки и мониторинга вашей активности, либо когда-нибудь в них завезут и другой функционал. Но скорее всего вас попросят купить их вторую/третью/обновлённую версию, а это про этот гаджет забудут.",
			"created_at": "2023-07-12T11:42:27.166Z"
		}
	},
	{
		"model": "review.review",
		"pk": 14,
		"fields": {
			"product": 3,
			"user": 1,
			"comment": "Все функции работают на отлично. Легкие, практически не ощущаются на руке. Очень долго работают на одном заряде. Дней на 20 одного заряда хватает.",
			"created_at": "2023-07-12T11:42:27.166Z"
		}
	},
	{
		"model": "review.review",
		"pk": 15,
		"fields": {
			"product": 7,
			"user": 1,
			"comment": "Красивые, выглядят стильно и аккуратно, синий цвет кайфовый! Выполняют свои функции, пульс, кислород в крови и сон замеряют, с iOS вероятно не всё получилось опробовать, но оставили очень классное впечатление! Обалденные циферблаты на разные тематики, apple в этом сильно отстал!\r\nВ целом, часы понравились, не считая подтормаживаний экрана, но если часы нужны в основном смотреть время, не пропускать уведомления и замерять шаги - хороший вариант!",
			"created_at": "2023-07-12T11:42:27.166Z"
		}
	},
	{
		"model": "review.review",
		"pk": 16,
		"fields": {
			"product": 6,
			"user": 1,
			"comment": "1) короткий ремешок\r\n2) встроенные циферблаты (пока что?) не русифицированы и нет возможности поставить сторонние\r\n3) нельзя самостоятельно выбрать город для погоды, геолокация может определяться не очень точно все-таки\r\n4) расположение некоторых настроек (таких как цели) несколько нелогично\r\n5) тормозит интерфейс прокрутки уведомлений",
			"created_at": "2023-05-12T09:48:27.166Z"
		}
	},
	{
		"model": "review.review",
		"pk": 17,
		"fields": {
			"product": 1,
			"user": 1,
			"comment": "Тормозят - прокрутка экрана и действия, если быстро перемещаться и нажимать, может хорошо затупить, увы. Это единственный весомый минус.\r\nПосле обновления стали чуток работать получше, но возможно мне кажется, т.к. уже часы были изучены и не было нужды в них копаться, как при первоначальном пользовании и настройке.",
			"created_at": "2023-02-12T09:48:27.166Z"
		}
	},
	{
		"model": "review.review",
		"pk": 18,
		"fields": {
			"product": 1,
			"user": 1,
			"comment": "Малые углы обзора, если смотреть под углом цвета \"плывут\", но если сидеть и работать перед ним то картинка шикарная. Нет регулировки по высоте, тоже не критично, подставка не очень высокая. Встроенные динамики ну просто не о чем. Звук тихий, так что смысла пользоваться ими никакого как по мне.",
			"created_at": "2023-11-17T09:24:27.166Z"
		}
	},
	{
		"model": "review.review",
		"pk": 19,
		"fields": {
			"product": 1,
			"user": 1,
			"comment": "Приобретала ноутбук для работы, но и поиграть тоже люблю, поэтому выбор пал именно на него. В таких ноутбуках особо не разбираюсь, поэтому помогал знакомый, который хорошо разбирается. Не пожалела, что купила его, очень крутой! И по дизайну и по мощности в целом, до него тоже был асус (и есть) просто он уже супер тормозной стал, да и не был изначально таким мощным как этот, но живет уже 12 лет, чем и привлёк асус, своим долголетием) У меня он уже месяц, никаких нареканий не обнаружила.",
			"created_at": "2023-01-11T01:24:27.166Z"
		}
	},
	{
		"model": "review.review",
		"pk": 20,
		"fields": {
			"product": 12,
			"user": 1,
			"comment": "Хорошее качество для обычного пользования\nХорошо упакован\nНаличие колонок, хотя и не суперского звучания",
			"created_at": "2023-08-17T16:24:27.166Z"
		}
	},
	{
		"model": "review.review",
		"pk": 21,
		"fields": {
			"product": 12,
			"user": 1,
			"comment": "Ирина Морозова, не держите ноут на мягких поверхности, а то он не только греться будет, но и сгорит совсем. Только твёрдые поверхности, чтобы воздуховоды не были перекрыты. А лучше купите подставку с вентиляторами - она недорогая и ноутбук Ваш сохранит👍",
			"created_at": "2021-12-17T09:24:27.166Z"
		}
	},
	{
		"model": "review.review",
		"pk": 22,
		"fields": {
			"product": 12,
			"user": 1,
			"comment": "Купил для использования с ТВ приставкой на Андроиде, подходит для этой цели идеально. Недостатков не нашел, только можно придраться к очень тихим динамикам. Но я использую с саундбаром, поэтому мне это неважно совсем.",
			"created_at": "2023-06-17T09:24:27.166Z"
		}
	},
	{
		"model": "review.review",
		"pk": 23,
		"fields": {
			"product": 10,
			"user": 1,
			"comment": "Сравнительно долго включается экран (примерно 3с).\nКнопка включения сзади - не очень удобная.\nНоутбук после просыпания постоянно нуждается в нажатии F10, на другом старом мониторе такого не было - ПК запоминал какой порядок надо включать.\nЕсть рамки по периметру, куда изображение \"не доходит\".",
			"created_at": "2022-08-17T11:11:34.166Z"
		}
	},
	{
		"model": "review.review",
		"pk": 24,
		"fields": {
			"product": 10,
			"user": 1,
			"comment": "Качественный товар, красивый, удобная регулировка наклона.",
			"created_at": "2023-04-17T09:24:27.166Z"
		}
	},
	{
		"model": "review.review",
		"pk": 25,
		"fields": {
			"product": 5,
			"user": 1,
			"comment": "1) Наличие технологии подсветки без мерцания (Flicker-Free) - резко снижает усталость глаз при длительной работе за монитором\n2) Технология матрицы IPS - яркие ровные цвета по всей площади монитора\n3) Время отклика матрицы - 1 мс - большое достоинство данного монитора, хотя это и не особо важно для офисной работы\n4) Система ослабления синего цвета - резко снижает усталость глаз при длительной работе за монитором\n5) Макс частота кадров при макс разрешении - 75 к/с\n6) Наличие системы AMD Freesync (для владельцев видеокарт AMD)\n7) Наличие стереодинамиков",
			"created_at": "2023-08-04T09:24:27.166Z"
		}
	},
	{
		"model": "review.review",
		"pk": 26,
		"fields": {
			"product": 3,
			"user": 7,
			"comment": "Отличный телефон! Фиолетовый цвет!!!!! - ОГОНЬ!!! Пришла версия для Японии, одна наносит-сим, вторая - esim. Переносила с другого айфона и некоторые санкционные приложения не доступны более в магазине App Store, но без проблем все залила с помощью утилиты imazing.\r\nКамеры отличные, испробовала широкоугольную - это нечто!\r\nПерешла с iPhone XR.Заказывала у продавца в PRO STORE. Переживала, писала и звонила им, т.к приложение Яндекс маркет зависает и я не могла отследить, где находится заказ. Но в этот раз все пришло вовремя, без задержек а самое главное новый не поддельный айфон. Написано что для страны ZA. Расшифровала для Сингапура. Перенесла все данные, приложения Сбербанка, в контакте скачала через ноут imazing. Все работает как и раньше. Этого продавца советую. В прошлый раз заказывала мужу 13 про Макс, но его не доставили в нужный день, сказали, задержут на неопределеный срок и поэтому я отменила заказ. И боялась в этот раз делать покупку. Но рискнула. Все окЭкран шик, перешел с 12 про, казалось что лучше уже некуда, но айфон удивил. Очень классный цвет - рамка теперь черная, линзы черные - красота! Работает все естественно идеально и очень быстро, камеры не сказать что сильно изменились, но все-таки стали получше, особенно заметно лучше стала фронталка. Анимация у острова прикольная.",
			"created_at": "2023-08-17T09:24:27.166Z"
		}
	},
	{
		"model": "role.role",
		"pk": 1,
		"fields": {
			"name": "Администратор"
		}
	},
	{
		"model": "role.role",
		"pk": 2,
		"fields": {
			"name": "Покупатель"
		}
	},
	{
		"model": "seller.seller",
		"pk": 1,
		"fields": {
			"name": "М.Видео",
			"phone": "+734674332",
			"address": "г Москва, ул Тверская, д 4, офис 15",
			"email": "mvideo@mail.ua"
		}
	},
	{
		"model": "seller.seller",
		"pk": 2,
		"fields": {
			"name": "ЭЛЬДОРАДО",
			"phone": "+632756725",
			"address": "г Москва, пр-кт Северный дублер Кутузовского, д 20, кв 199",
			"email": "eldorado@gmail.ru"
		}
	},
	{
		"model": "seller.seller",
		"pk": 3,
		"fields": {
			"name": "Холодильник.ру",
			"phone": "+7674536534",
			"address": "г Москва, ул Академика Анохина, д 42 к 1, кв 32",
			"email": "holod@ya.ru"
		}
	},
	{
		"model": "seller.seller",
		"pk": 4,
		"fields": {
			"name": "Партнеры",
			"phone": "+3674534732",
			"address": "г Воронеж, ул Суворова, д 122б, кв 101",
			"email": "partners@rambler.com"
		}
	},
	{
		"model": "seller.seller",
		"pk": 5,
		"fields": {
			"name": "Lime Store",
			"phone": "+548784563434",
			"address": "г Москва, ул Ивовая, д 9, кв 30",
			"email": "limestore@lime.ru"
		}
	},
	{
		"model": "seller.seller",
		"pk": 6,
		"fields": {
			"name": "xcom-shop",
			"phone": "+23675236723",
			"address": "115598, г Москва, Бирюлево Восточное р-н, ул Лебедянская, д 36 к 1, кв 427",
			"email": "shop@gmail.com"
		}
	},
	{
		"model": "seller.seller",
		"pk": 7,
		"fields": {
			"name": "DNS",
			"phone": "+3724653472342",
			"address": "г Москва, ул Генерала Тюленева, д 33, кв 22",
			"email": "dnsshop@example.ru"
		}
	},
	{
		"model": "user.user",
		"pk": 1,
		"fields": {
			"password": "pbkdf2_sha256$600000$gsH08ORaCr1b3pgqYJaNg3$99E8FcpTv8ZqUwwqtXNn4dVLgTjuLDDacBsYA/svU2U=",
			"last_login": null,
			"is_superuser": false,
			"username": "john",
			"first_name": "John",
			"last_name": "Lennon",
			"email": "john.lennon@gmail.com",
			"is_staff": false,
			"is_active": true,
			"date_joined": "2023-07-28T12:20:39.128Z",
			"role": 2,
			"phone": "6125614256",
			"address": "USA, NY",
			"avatar": "user/default_avatar.svg",
			"groups": [],
			"user_permissions": []
		}
	},
	{
		"model": "user.user",
		"pk": 2,
		"fields": {
			"password": "pbkdf2_sha256$600000$gsH08ORaCr1b3pgqYJaNg3$99E8FcpTv8ZqUwwqtXNn4dVLgTjuLDDacBsYA/svU2U=",
			"last_login": null,
			"is_superuser": false,
			"username": "Uhlenon",
			"first_name": "Uha",
			"last_name": "Lennon",
			"email": "Uha.lennon@gmail.com",
			"is_staff": false,
			"is_active": true,
			"date_joined": "2023-07-28T12:20:39.132Z",
			"role": 1,
			"phone": "7263478643",
			"address": "Rostov",
			"avatar": "user/default_avatar.svg",
			"groups": [],
			"user_permissions": []
		}
	},
	{
		"model": "user.user",
		"pk": 3,
		"fields": {
			"password": "pbkdf2_sha256$600000$gsH08ORaCr1b3pgqYJaNg3$99E8FcpTv8ZqUwwqtXNn4dVLgTjuLDDacBsYA/svU2U=",
			"last_login": "2023-07-28T12:31:33.825Z",
			"is_superuser": true,
			"username": "admin",
			"first_name": "",
			"last_name": "",
			"email": "",
			"is_staff": false,
			"is_active": true,
			"date_joined": "2023-07-28T12:28:58.898Z",
			"role": null,
			"phone": null,
			"address": "Paris",
			"avatar": "user/default_avatar.svg",
			"groups": [],
			"user_permissions": []
		}
	},
	{
		"model": "user.user",
		"pk": 4,
		"fields": {
			"password": "pbkdf2_sha256$600000$gsH08ORaCr1b3pgqYJaNg3$99E8FcpTv8ZqUwwqtXNn4dVLgTjuLDDacBsYA/svU2U=",
			"last_login": null,
			"is_superuser": false,
			"username": "client",
			"first_name": "Buyer1",
			"last_name": "Buyerer",
			"email": "buyer@ya.com",
			"is_staff": false,
			"is_active": true,
			"date_joined": "2023-07-28T12:41:25Z",
			"role": 2,
			"phone": "63256725365",
			"address": "Berlin",
			"avatar": "user/default_avatar.svg",
			"groups": [],
			"user_permissions": []
		}
	},
	{
		"model": "user.user",
		"pk": 5,
		"fields": {
			"password": "pbkdf2_sha256$600000$fZKro77VJ171PvJ23c1gem$xUb+tjKynUGQHbCKdohAN0F98Ti5wAYTfYgjZCFPD4U=",
			"last_login": "2023-09-11T11:09:32.728Z",
			"is_superuser": true,
			"username": "pog7x",
			"first_name": "",
			"last_name": "",
			"email": "",
			"is_staff": true,
			"is_active": true,
			"date_joined": "2023-08-16T10:33:50.269Z",
			"role": null,
			"phone": null,
			"address": null,
			"avatar": "user/default_avatar.svg",
			"groups": [],
			"user_permissions": []
		}
	},
	{
		"model": "user.user",
		"pk": 6,
		"fields": {
			"password": "pbkdf2_sha256$600000$vQaN5F7hjW2AwrTRi9CJvi$5lRSKOn6dfAMFjkuLTVoMhJcX+RWii7j/DTu2d4kMLA=",
			"last_login": null,
			"is_superuser": true,
			"username": "adm",
			"first_name": "",
			"last_name": "",
			"email": "",
			"is_staff": true,
			"is_active": true,
			"date_joined": "2023-08-17T09:21:51.285Z",
			"role": null,
			"phone": null,
			"address": null,
			"avatar": "user/default_avatar.svg",
			"groups": [],
			"user_permissions": []
		}
	},
	{
		"model": "user.user",
		"pk": 7,
		"fields": {
			"password": "pbkdf2_sha256$600000$P7zonPQD15dJjj9XE6sWpK$EYM1nqQxNtoHODRwmtY8Ae1zbSFUDBYv5SFDntFoomY=",
			"last_login": "2023-08-17T09:22:51.072Z",
			"is_superuser": true,
			"username": "qwerty",
			"first_name": "",
			"last_name": "",
			"email": "",
			"is_staff": true,
			"is_active": true,
			"date_joined": "2023-08-17T09:22:42.684Z",
			"role": null,
			"phone": null,
			"address": null,
			"avatar": "user/default_avatar.svg",
			"groups": [],
			"user_permissions": []
		}
	},
	{
		"model": "views_history.viewshistory",
		"pk": 1,
		"fields": {
			"product": 1,
			"user": 1
		}
	},
	{
		"model": "views_history.viewshistory",
		"pk": 2,
		"fields": {
			"product": 7,
			"user": 4
		}
	},
	{
		"model": "views_history.viewshistory",
		"pk": 3,
		"fields": {
			"product": 12,
			"user": 2
		}
	},
	{
		"model": "views_history.viewshistory",
		"pk": 4,
		"fields": {
			"product": 1,
			"user": 1
		}
	},
	{
		"model": "views_history.viewshistory",
		"pk": 5,
		"fields": {
			"product": 1,
			"user": 1
		}
	}
]
