[{"model": "banner.banner", "pk": 1, "fields": {"product_seller": 2, "type": 1, "expired_at": "2027-10-09T17:38:34"}}, {"model": "banner.banner", "pk": 2, "fields": {"product_seller": 4, "type": 1, "expired_at": "2027-10-09T18:19:23"}}, {"model": "banner.banner", "pk": 3, "fields": {"product_seller": 17, "type": 2, "expired_at": "2027-10-09T05:21:14"}}, {"model": "banner.banner", "pk": 4, "fields": {"product_seller": 7, "type": 3, "expired_at": "2027-10-09T21:15:17"}}, {"model": "banner.banner", "pk": 5, "fields": {"product_seller": 14, "type": 3, "expired_at": "2027-10-09T21:16:58"}}, {"model": "banner.banner", "pk": 6, "fields": {"product_seller": 16, "type": 3, "expired_at": "2027-10-09T21:15:17"}}, {"model": "banner.banner", "pk": 7, "fields": {"product_seller": 12, "type": 3, "expired_at": "2027-10-09T21:15:17"}}, {"model": "banner.banner", "pk": 8, "fields": {"product_seller": 21, "type": 3, "expired_at": "2027-10-09T17:38:34"}}, {"model": "banner.banner", "pk": 9, "fields": {"product_seller": 11, "type": 3, "expired_at": "2027-10-09T17:38:34"}}, {"model": "banner.banner", "pk": 10, "fields": {"product_seller": 17, "type": 3, "expired_at": "2027-10-09T21:15:17"}}, {"model": "banner.banner", "pk": 11, "fields": {"product_seller": 22, "type": 1, "expired_at": "2027-10-09T17:38:34"}}, {"model": "banner.banner", "pk": 12, "fields": {"product_seller": 19, "type": 1, "expired_at": "2027-10-09T21:16:58"}}, {"model": "banner.banner", "pk": 13, "fields": {"product_seller": 10, "type": 4, "expired_at": "2027-10-09T21:16:58"}}, {"model": "banner.banner", "pk": 14, "fields": {"product_seller": 16, "type": 4, "expired_at": "2027-10-09T18:19:23"}}, {"model": "banner.banner", "pk": 15, "fields": {"product_seller": 17, "type": 4, "expired_at": "2027-10-09T18:19:23"}}, {"model": "banner.banner", "pk": 16, "fields": {"product_seller": 17, "type": 2, "expired_at": "2027-10-09T17:17:16"}}, {"model": "banner.banner", "pk": 17, "fields": {"product_seller": 11, "type": 4, "expired_at": "2027-10-09T17:38:34"}}, {"model": "banner.banner", "pk": 18, "fields": {"product_seller": 13, "type": 4, "expired_at": "2027-10-09T21:16:58"}}, {"model": "banner.banner", "pk": 19, "fields": {"product_seller": 8, "type": 4, "expired_at": "2027-10-09T05:21:14"}}, {"model": "banner.banner", "pk": 20, "fields": {"product_seller": 15, "type": 3, "expired_at": "2027-10-09T21:16:58"}}, {"model": "cart.cart", "pk": 1, "fields": {"products_count": 5, "user": 1, "order": 1, "product_seller": 9, "deleted_at": null}}, {"model": "cart.cart", "pk": 2, "fields": {"products_count": 9, "user": 1, "order": 1, "product_seller": 7, "deleted_at": null}}, {"model": "cart.cart", "pk": 3, "fields": {"products_count": 2, "user": 1, "order": null, "product_seller": 3, "deleted_at": "2024-01-07T11:42:36.531"}}, {"model": "cart.cart", "pk": 4, "fields": {"products_count": 3, "user": 1, "order": 2, "product_seller": 4, "deleted_at": null}}, {"model": "cart.cart", "pk": 5, "fields": {"products_count": 3, "user": 1, "order": 2, "product_seller": 23, "deleted_at": null}}, {"model": "cart.cart", "pk": 6, "fields": {"products_count": 1, "user": 1, "order": 2, "product_seller": 24, "deleted_at": null}}, {"model": "cart.cart", "pk": 7, "fields": {"products_count": 1, "user": 1, "order": null, "product_seller": 3, "deleted_at": "2024-01-07T11:42:40.275"}}, {"model": "cart.cart", "pk": 8, "fields": {"products_count": 2, "user": 1, "order": 2, "product_seller": 3, "deleted_at": null}}, {"model": "cart.cart", "pk": 9, "fields": {"products_count": 1, "user": 1, "order": null, "product_seller": 3, "deleted_at": null}}, {"model": "catalog_category.catalogcategory", "pk": 1, "fields": {"name": "Телевизоры", "icon": "catalog_category/icons/1/1.svg"}}, {"model": "catalog_category.catalogcategory", "pk": 2, "fields": {"name": "Скидки!", "icon": "catalog_category/icons/2/2.svg"}}, {"model": "catalog_category.catalogcategory", "pk": 3, "fields": {"name": "Мобильные телефоны", "icon": "catalog_category/icons/3/3.svg"}}, {"model": "catalog_category.catalogcategory", "pk": 4, "fields": {"name": "Часы", "icon": "catalog_category/icons/4/4.svg"}}, {"model": "catalog_category.catalogcategory", "pk": 5, "fields": {"name": "Планшеты", "icon": "catalog_category/icons/5/5.svg"}}, {"model": "catalog_category.catalogcategory", "pk": 6, "fields": {"name": "Ноутбуки", "icon": "catalog_category/icons/6/6.svg"}}, {"model": "catalog_category.catalogcategory", "pk": 7, "fields": {"name": "Мониторы", "icon": "catalog_category/icons/7/7.svg"}}, {"model": "catalog_category.catalogcategory", "pk": 8, "fields": {"name": "Кухонная техника", "icon": "catalog_category/icons/8/8.svg"}}, {"model": "catalog_category.catalogcategory", "pk": 9, "fields": {"name": "Фотоаппараты", "icon": "catalog_category/icons/9/9.svg"}}, {"model": "catalog_category.catalogcategory", "pk": 10, "fields": {"name": "Наушники", "icon": "catalog_category/icons/10/10.svg"}}, {"model": "catalog_category.catalogcategory", "pk": 11, "fields": {"name": "Стиральные машины", "icon": "catalog_category/icons/11/11.svg"}}, {"model": "delivery.delivery", "pk": 1, "fields": {"price": 500.0, "order_sum": 0.0, "verbose": "Express"}}, {"model": "delivery.delivery", "pk": 2, "fields": {"price": 100.0, "order_sum": 0.0, "verbose": "Default"}}, {"model": "order.order", "pk": 1, "fields": {"full_name": "Сергей Калужин", "phone": "+3467543223", "email": "seesoon@gmail.com", "delivery": 1, "user": 1, "address": "​Александровский сад, Манежная улица, 2-10, Москва", "created_at": "2023-07-28T12:59:46", "status": 2}}, {"model": "order.order", "pk": 2, "fields": {"full_name": "Dave Bradfield", "phone": "+1 631-465-2569", "email": "seesoon@drf.com", "delivery": 2, "user": 1, "address": "USA, New York, Hicksville, 1513 Abia Martin Drive", "created_at": "2024-06-01T17:23:42.034", "status": 3}}, {"model": "payment.payment", "pk": "3300a809-e0fe-494e-bbf0-05a9405c6637", "fields": {"order": 2, "sum": 156924.0, "card_number": "2222 2222", "status": 4, "created_at": "2024-06-01T17:23:42.038", "paid_at": "2024-06-01T17:24:44.622"}}, {"model": "payment.payment", "pk": "5facc0c2-5efd-4644-adb7-852dcaf166c8", "fields": {"order": 1, "sum": 114719.0, "card_number": "0000 0000", "status": 3, "created_at": "2023-10-06T17:39:27.759", "paid_at": null}}, {"model": "product.product", "pk": 1, "fields": {"name": "10.61\" Планшет Xiaomi Redmi Pa", "catalog_category": 5, "description": "Xiaomi Redmi Pad – планшет с большим 10,61-дюймовым экраном, тонким корпусом, стильным дизайном и первоклассными комплектующими гарантированно удовлетворит любые ваши потребности. Планшет оснащен процессором MediaTek Helio G99, а экран с частотой обновления 90 Гц работает невероятно плавно. Аккумулятор емкостью 8000 мА ч избавит вас от любых забот, связанных с зарядкой. Производительность значительно улучшена благодаря флагманскому 6-нм техпроцессу. Наслаждайтесь скоростью воспроизведения. Модель обладает утончённым дизайном, невероятно удобный цельнометаллический корпус, симметричные лицевые панели и плоские рамки делают Redmi Pad абсолютно комфортно в пользовании. 10,61-дюймовый, безрамочный 2К-дисплей с частотой обновления 90 Гц подарит невероятные аудио-и видеоразвлечения. Планшет оснащён дисплеем с низким уровнем синего света, сертифицированном TÜV Rheinland, который всегда защищает ваши глаза. Redmi Pad - первый планшет в мире, получивший сертификат снижения утомляемости зрения"}}, {"model": "product.product", "pk": 2, "fields": {"name": "Умные часы Apple Watch Ultra 4", "catalog_category": 4, "description": "Чтобы создать идеальные спортивные часы, мы тщательно проработали каждый элемент с особым вниманием к деталям, обеспечивая непревзойденную производительность. Титан обеспечивает идеальный баланс между весом, прочностью и устойчивостью к коррозии. Новый дизайн корпуса поднимается вверх, окружая плоское сапфировое стекло и защищая его от ударов по краям. Цифровая заводная головка больше, а боковая кнопка выступает из корпуса, что упрощает использование часов в перчатках.\r\nСпециально для Apple Watch Ultra циферблат Wayfinder оснащен циферблатом времени, который можно переключать на компас в режиме реального времени, и имеет восемь дополнительных функций. В условиях низкой освещенности вы можете повернуть цифровую заводную головку, чтобы активировать ночной режим, и увидеть, как циферблат часов становится ярко-красным."}}, {"model": "product.product", "pk": 3, "fields": {"name": "Смартфон Apple iPhone 14 Pro 1", "catalog_category": 3, "description": "Новый волшебный способ взаимодействия с iPhone.\r\nНоваторские функции безопасности, призванные спасать жизни.\r\nИнновационная 48-мегапиксельная камера для потрясающей детализации.\r\nВсе они оснащены новейшим чипом для смартфонов.\r\nС керамическим экраном, более прочным, чем стекло любого смартфона. Водонепроницаемость. Нержавеющая сталь хирургического класса.\r\n\r\nПредставляем Dynamic Island, по-настоящему инновационную разработку Apple, состоящую из аппаратного и программного обеспечения. Он воспроизводит музыку, спортивные результаты, FaceTime и многое другое — и все это, не отвлекая вас от того, что вы делаете.\r\n\r\nДисплей всегда включен. Всегда наготове. Дисплей, который на солнце становится в 2 раза ярче. Теперь экран блокировки всегда виден, поэтому вам даже не нужно нажимать на него, чтобы оставаться в курсе событий. Когда iPhone повернут лицевой стороной вниз или лежит в кармане, он гаснет, чтобы сэкономить время автономной работы."}}, {"model": "product.product", "pk": 4, "fields": {"name": "8.3\" Планшет Apple iPad mini 2", "catalog_category": 5, "description": "Великолепный дисплей Liquid Retina с диагональю 8,3 дюйма занимает всю переднюю панель. Экран стал больше, но устройство осталось компактным и помещается у вас на ладони.\r\nApple Pencil теперь можно примагнитить к боковой поверхности iPad mini — так он будет всегда под рукой.\r\nНовый чип A15 Bionic и аккумулятор, которого хватит на целый день, — с ними вы можете работать, творить и играть где угодно."}}, {"model": "product.product", "pk": 5, "fields": {"name": "Планшет Honor Pad X8 Lite 3+32", "catalog_category": 5, "description": "Honor Pad X8 Lite\r\nКлючевыми особенностями планшета стали большой экран, продвинутая акустическая система и поддержка многооконного режима.\r\nПри толщине корпуса 7,55 мм, вес Honor Pad X8 Lite составляет 460 граммов. Планшет оснащается 9,7-дюймовым LCD-экраном с разрешением 1280х800 пикселей. За производительность новинки отвечает восьмиядерный процессор MediaTek Helio G80. Автономность устройства обеспечивает аккумулятор ёмкостью 5100 мАч, зарядка осуществляется через порт USB Type-C. Работает планшет под управлением операционной системы Android 12 с фирменным пользовательским интерфейсом Magic UI 6.1.\r\nПроцессор: MediaTek MT8786"}}, {"model": "product.product", "pk": 6, "fields": {"name": "Планшет Teclast T40 Pro 2023 L", "catalog_category": 5, "description": "T40 pro работает на базе новейшей ОС Android 11.0, обеспечивая полный доступ к сервисам Google (включая Google Play, G-mail, Google Maps и т. д.). Из google play можно загрузить все необходимые программы: youtube, twitter, google maps, g-mail и т. д. T40 Pro отлично поддерживает российские и местные сети 4G, поэтому вы можете использовать его по своему усмотрению. Скорость планшета обеспечивается благодаря сверхбыстрому 8-ядерному процессору в сочетании с 8 ГБ ОЗУ, 128 ГБ ПЗУ, что позволяет запускать несколько приложений одновременно без задержек, а также запускать новейшие высококачественные игры и мультимедиа. Планшет T40 pro оснащен модемом 4G / LTE и Wi-Fi для превосходного подключения. Поэтому, если вы не находитесь в зоне действия Wi-Fi, используйте слот для SIM-карты, чтобы пользоваться мобильным интернетом."}}, {"model": "product.product", "pk": 7, "fields": {"name": "14\" Ноутбук Apple Macbook Pro", "catalog_category": 6, "description": "Apple MacBook Pro 14 (2021) — самый мощный MacBook Pro в истории, который базируется на высокотехнологичном чипе M1 Pro. Пропускная способность памяти составляет более 200 ГБ/с, а еще есть возможность подключения двух мониторов. MacBook Pro 14 (2021) оснащен превосходным дисплеем Liquid Retina XDR с экстремальным динамическим диапазоном и высочайшей контрастностью."}}, {"model": "product.product", "pk": 8, "fields": {"name": "15.6\" Ноутбук Acer Aspire 3 A3", "catalog_category": 6, "description": "Страна Китай Гарантия 1 год основные характеристики Тип Ноутбук Операционная система Без ОС экран Диагональ экрана 15.6\" Разрешение экрана 1920x1080 Пикс Тип матрицы TN процессор Производитель процессора Intel Модель процессора Celeron N4000 Тактовая част"}}, {"model": "product.product", "pk": 9, "fields": {"name": "15.6\" Ноутбук ASUS TUF Dash F1", "catalog_category": 6, "description": "Мощный игровой ноутбук на базе десятиядерного процессора Intel Core i7 - 12650H с частотой 2.3 ГГц - 4.7 ГГц, с оперативной памятью DDR5 объемом 16384 Мб, SSD 1000 Гб для супербыстрой работы операционной системы будет Вашим надежным помощником в бизнесе и дома. Матовый дисплей ноутбука 15.6\" по технологии IPS с разрешением Full HD 1920x1080 прекрасно передает изображение благодаря видеокарте от nVidia на базе графического чипсета GeForce RTX 3060 с 6144 Мб дискретной видеопамяти. Ноутбук ASUS TUF Dash F15 FX517ZM-HN157 90NR09Q3-M009Z0 черного цвета с временем автономной работы до 6 ч имеет вес 2 кг при размерах 360х19.9х252 мм и оборудован всем необходимым: веб-камера, стереодинамики, микрофон, USB3.2 - 2 шт, RJ45 (LAN), Output (наушники), Mic in (микрофон), HDMI, MiniDisplayPort, WiFi, Bluetooth. На лэптопе предустановлена операционная система DOS."}}, {"model": "product.product", "pk": 10, "fields": {"name": "15.6\" Ноутбук Gigabyte G5 GE 1", "catalog_category": 6, "description": "Игровой ноутбук Gigabyte G5 - это отличное решение для тех, кто ищет мощный и надежный компьютер для игр и работы. Он оснащен процессором Intel Core i5-12500H 12 поколения, видеокартой NVIDIA GeForce RTX 3050 и 8 ГБ оперативной памяти. SSD на 512 ГБ обеспечивает быструю загрузку программ и файлов.\r\nНоутбук имеет экран с разрешением 1920 x 1080 пикселей и частотой обновления 144 Гц, что обеспечивает плавное и быстрое изображение. Кроме того, он имеет матовое покрытие экрана и подсветку клавиатуры, что делает работу комфортной даже в условиях недостаточного освещения."}}, {"model": "product.product", "pk": 11, "fields": {"name": "27\" Монитор HUAWEI MateView GT", "catalog_category": 7, "description": "Бренд: HUAWEI\r\nДля геймеров: ДА\r\nРазъем HDMI: ДА\r\nЦвет рамки: черный\r\nЦвет подставки: черный\r\nДлина упаковки (ед): 0.71\r\nГабариты упаковки (ед) ДхШхВ: 0.71x0.22x0.45\r\nШирина упаковки (ед): 0.22\r\nОбъем упаковки (ед): 0.07029\r\nМодель: Display B3-271Q\r\nPartNumber/Артикул Производителя: 53060794\r\nВес упаковки (ед): 10.2\r\nВысота упаковки (ед): 0.45\r\nЦветовой охват: sRGB 100%\r\nЧастота обновления: 165\r\nУгол обзора горизонт: 178"}}, {"model": "product.product", "pk": 12, "fields": {"name": "23.8\" Монитор Acer K243YBMIX", "catalog_category": 7, "description": "Благодаря разрешению Full HD 1080p монитор обеспечивает реалистичную цветопередачу и четкость изображения. С соотношением сторон 16:9 и разрешением 1920x1080 фильмы и игры выглядят реалистичнее, а текст и детали — более четко.\r\nЭргономика\r\nаПрочная подставка позволяет легко настроить дисплей от –5 до 15 градусов для оптимального просмотра и предотвращения возможных бликов."}}, {"model": "product.product", "pk": 13, "fields": {"name": "Смартфон Apple iPhone 15 Pro", "catalog_category": 3, "description": "iPhone 15 Pro: новый король смартфонов с инновационными функциями!\r\nВстречайте мощный и стильный iPhone с передовыми технологиями!\r\nПредставляем iPhone 15 Pro, новый флагман Apple, который изменит ваше представление о смартфонах. Он оснащен OLED-дисплеем с диагональю 6.1 дюйма и технологией Super Retina XDR для непревзойденной цветопередачи и яркости.\r\nВ основе iPhone 15 Pro лежит мощнейший процессор A17 Pro, который гарантирует молниеносное быстродействие и плавную работу при любых нагрузках. Тройная камера с оптической стабилизацией обеспечивает потрясающие снимки и кинематографические видео. Технология Face ID гарантирует быструю и безопасную аутентификацию.\r\nАккумулятор увеличенной емкости поддерживает быструю зарядку, позволяя работать и играть весь день без перерыва. Поддержка 5G гарантирует быстрое и стабильное подключение в любой точке мира. Стильный дизайн с прочным корпусом и защитой от воды и пыли сделает iPhone 15 Pro вашим идеальным компаньоном.\r\nЕсли вы хотите быть впереди всех в мире технологий, iPhone 15 Pro создан именно для вас!"}}, {"model": "product.product", "pk": 14, "fields": {"name": "Умные часы Apple Watch Ultra 2", "catalog_category": 4, "description": "Apple Watch Ultra 2: самые передовые и надежные часы для активных пользователей\r\nУлучшенная производительность, более длительное время работы, и более продвинутые функции для самых требовательных спортсменов и искателей приключений\r\nПредставляем Apple Watch Ultra 2 - идеальные часы для тех, кто живет активно и ищет устройство, которое выдержит любые испытания. Они обладают увеличенным корпусом из титана, что обеспечивает непревзойденную прочность и долговечность. Сапфировое стекло на передней панели и задняя панель из керамики делают эти часы устойчивыми к ударам и царапинам.\r\nУлучшенная производительность и увеличенное время работы от аккумулятора позволят вам наслаждаться любимыми функциями и не беспокоиться о заряде.\r\nApple Watch Ultra 2 также оснащены новым датчиком температуры для контроля температуры тела и заботы о здоровье. Встроенный компас, барометр и модуль GPS делают эти часы идеальным выбором для активного отдыха и спорта."}}, {"model": "product.product", "pk": 15, "fields": {"name": "Миксер BORK B811", "catalog_category": 8, "description": "Самый мощный планетарный миксер в стальном корпусе. Миксер оснащен стеклянной чашей объемом 4,7 л. В комплект также входит крышка и съемный обод для защиты от брызг с желобом для добавления ингредиентов. Для миксера предусмотрены 4 насадки: для взбивания, замешивания плотного теста, приготовления смесей для тортов и глазури, а также уникальная насадка для замешивания пюре и других легких смесей, сокращающая время работы на 40%. Надежный двигатель с высокой мощностью 1200 Вт позволяет быстро и эффективно смешивать различные ингредиенты, а планетарная схема движения насадок гарантирует нежнейшую консистенцию смеси. Система автоматически подбирает оптимальную мощность работы для выбранного типа и количества ингредиентов. 12 скоростей служат для контроля процесса смешивания."}}, {"model": "product.product", "pk": 16, "fields": {"name": "De’Longhi Электрочайник KBOV20", "catalog_category": 8, "description": "Чайник DeLonghi KBOV 2001 BG – это изысканный бежевый прибор в стиле ретро дизайнерской серии Icona Vintage. Хромированные детали, изящность и необычность – характеристики этого чайника. Под ручкой прибора расположен индикатор уровня воды, благодаря этой детали вы всегда будете знать, когда необходимо наполнить устройство. Чайник от DeLonghi имеет специальную трехуровневую систему безопасности: он отключается, когда вода закипает, устройство перегревается, если вы сняли его с основания включенным. Такой прибор от DeLonghi – цена безопасности и комфорта на вашей кухне. Его стильный дизайн – то, что выделяет эту модель среди множества других.\r\nЧайник имеет особенный носик, который не даст воде пролиться. Вы можете поворачивать KBOV 2001 BG на 360 градусов, что делает устройство удобным. Индикатор подскажет вам включен или выключен прибор. Мощность устройства – 2000 Вт, поэтому вода закипит моментально. Объем – 1,7 литра. Если к вам в гости пришла небольшая компания, не придется кипятить воду несколько раз - этого количества хватит на 7-в чашек."}}, {"model": "product.product", "pk": 17, "fields": {"name": "Беспроводные наушники Apple AirPods Max RU, Lightning, зелeный", "catalog_category": 10, "description": "Беспроводные наушники AirPods Max — это фирменное качество продукции Apple в сочетании с запоминающимся дизайном и чистейшим звуком.\r\nНадежность и удобство\r\nЭргономичность всех элементов AirPods Max обеспечивает плотную и в то же время комфортную посадку наушников, что гарантирует высочайшее качество звука. Оголовье из специальной дышащей сетчатой ткани равномерно распределяет вес наушников, уменьшая давление на голову. Телескопические стальные дужки обеспечивают долговечность AirPods и точную регулировку положения для полного прилегания амбушюр. Чашки из анодированного алюминия можно поворачивать и регулировать отдельно друг от друга, подстраивая положение абсолютно под любую голову.\r\nЧистое звучание и никаких помех\r\nСпециально разработанные драйверы с двумя кольцевыми неодимовыми магнитами практически лишены гармонических искажений во всем слышимом диапазоне. В результате наушники выдают глубокий бас, точные средние частоты и чистые высокие на любой громкости. Высочайший уровень пассивной шумоизоляции, создаваемый оптимальным расположением амбушюр из акустически оптимизированного пеноматериала с эффектом памяти, и специальная система активной шумоизоляции из восьми микрофонов позволяют полностью избежать влияния внешней среды на качество звука.\r\nИнтеллектуальный звук\r\nВ каждой чаше AirPods Max находится чип Apple H1, который адаптирует звучание под любые условия для достижения максимального качества. Вычислительное аудио позволяет избавиться от посторонних звуков с помощью технологии обратной звуковой волны, адаптивный эквалайзер подстраивает звук с учетом положения наушников на голове. А система пространственного звука в сочетании с функцией динамического отслеживания движений головы создают ощущение объемного звучания."}}, {"model": "product.product", "pk": 18, "fields": {"name": "Dyson Zone — наушники с шумоподавлением и очисткой воздуха, цвет синий", "catalog_category": 10, "description": "Dyson Zone сочетает в себе наушники с воздухоочистителем и оснащен активным шумоподавлением. В наушники встроена двойная система очистки: цифровой мотор Dyson, подающий чистый воздух в зону дыхания пользователя, и фильтр, эффективно отфильтровывающий загрязнения и вредные газы. Dyson Zone работает, фильтруя воздух через мотор в амбушюрах, а затем направляя его через закрытый воздушный канал ко рту и носу. Проще говоря, это дополнительный слой периферийной фильтрации поверх обычных наушников, за которым следует вентилятор, приводимый в действие моторами с обеих сторон для всасывания постоянного потока воздуха. Благодаря фильтру наружный воздух очищается и, наконец, проходит через полый канал перед вами. Что касается функциональности гарнитуры, то наушники Dyson Air Purifying Headphones имеют три встроенных режима активного шумоподавления, включая режим погружения, режим разговора и сквозной режим, а режим очистки воздуха предлагает четыре типа: низкий, средний, высокий и автоматический. Что касается времени автономной работы, Dyson Zone работают всего 4,5 часа в режиме низкой скорости очистки воздуха и до 40+ часов в режиме чистого воспроизведения музыки."}}, {"model": "product.product", "pk": 19, "fields": {"name": "Смартфон Xiaomi Redmi Note 12 Pro+ NFC 8/256 ГБ Global, синий", "catalog_category": 3, "description": "Живи ярко! Именно этот слоган компании Xiaomi стал ключевым в презентации Redmi Note 12 Pro+. И понятно почему: яркий дизайн, AMOLED-дисплей и быстрая зарядка откроют для вас совершенно новый уровень владения смартфоном, о котором раньше вы могли только мечтать.\r\nRedmi Note 12 Pro+ - непревзойденная модель смартфона, которая делает доступными флагманские технологии и все возможности, которые они предлагают."}}, {"model": "product.product", "pk": 20, "fields": {"name": "Стиральная машина Bosch WGB256A0PL", "catalog_category": 11, "description": "Основные характеристики - Установка: отдельностоящая - Конструкция стиральной машины: полноразмерная - Количество барабанов: 1 - Тип двигателя: инверторный Основной барабан - Тип загрузки: фронтальная - Поверхность барабана: VarioDrum - Максимальная загрузка белья: 10 кг - Максимальная скорость отжима: до 1600 об/мин - Класс стирки: A - Класс отжима: A - Уровень шума при отжиме: 74 дБ Управление - Тип управления: электронное - Переключатели: сенсорные - Размещение панели управления: под наклоном"}}, {"model": "product.product", "pk": 21, "fields": {"name": "Стиральная машина Hotpoint NSB 6039", "catalog_category": 11, "description": "Особенности и преимущества: Встраиваемая стиральная машина с сушкойФронтальная загрузкаШирина 60 смЗагрузка при стирке 7 кгЗагрузка при сушке 4 кгФункции и программы: Электронное управлениеДисплей: программирование отсрочки включения, отображение времени до окончания программы и рекомендуемой загрузки, индикация хода программыСелектор программКнопки: старт/пауза, задержка старта, FlexiTime, возможность выбора и подтверждения опций, скорость отжима, выбор температуры15 программСпециальные программы: смешанное белье, рубашки, ночная стирка, быстрая 15 мин. Дополнительные опции: предварительная стирка, интенсивная стирка, легкая глажка, дополнительное полоскание"}}, {"model": "product.product", "pk": 22, "fields": {"name": "Телевизор Samsung Micro LED MNA110MS1ACXRU", "catalog_category": 1, "description": "- LG OLED SIGNATURE\r\n- OLED 8K с самоподсвечивающимися пикселями\r\n- Интеллектуальный процессор α9 Gen5, Dynamic Tone Mapping Pro\r\n- Тонкий дизайн премиум-класса и изящная напольная подставка\r\n- Dolby Vision IQ с Precision Detail, Dolby Atmos"}}, {"model": "product.product", "pk": 23, "fields": {"name": "Телевизор LG OLED88Z29LA 2022 OLED, HDR, титановый метеорит", "catalog_category": 1, "description": "Мощная эволюция телевизора Neo QLED 8K привела к появлению технологии затемнения подсветки, точно управляющей светодиодами Quantum Mini нашей собственной разработки. Замечайте даже невообразимо мелкие детали как в самых темных, так и самых ярких сценах благодаря в 1,5 раза большему числу зон подсветки по сравнению с обычной технологией Quantum Matrix.\r\nПередовой мультиинтеллектуальный процессор телевизора Neo QLED полностью раскрывает возможности разрешения 8K. Визуальную информацию анализирует не одна нейронная сеть, а сразу 20, данные которых 8K-процессор Neo Quantum использует для усиления даже мельчайших деталей 8K-контента."}}, {"model": "product.product", "pk": 24, "fields": {"name": "Беззеркальный фотоаппарат Sony a7 III Kit 28-70mm", "catalog_category": 9, "description": "Полнокадровая камера формата 35 мм с впечатляющими возможностями: матрица 24 Мп. с обратной подсветкой (BSI CMOS), 693 точки фазовой автофокусировки, покрывающие 93% площади матрицы, серийная съемка 10 кадров/с, 5-осевая внутрикамерная оптическая стабилизация, 2 гнезда для карт памяти, новый аккумулятор высокой емкости (до 710 снимков по стандарту CIPA), видео 4К со всей площади матрицы без муара (за счет «оверсэмплинга»)."}}, {"model": "product.product", "pk": 25, "fields": {"name": "Детский фотоаппарат ударопрочный 48МП Full-HD со встроенной памятью", "catalog_category": 9, "description": "Товар соответствует фотографиям только при покупке в Zar. market\r\nБестселлер 2022-2023 года детский фотоаппарат цифровой Единорог Голубой со встроенным аккумулятором на 850 mAh с камерой высокого разрешения 1080p Full-HD 30 кадров/сек с видео- аудио- фотосъёмкой на 48Мп с 3 играми, селфи и встроенной памятью."}}, {"model": "product.productimage", "pk": 2, "fields": {"name": "iphone1", "product": 3, "image": "product/images/3/iphone14pro1.webp"}}, {"model": "product.productimage", "pk": 3, "fields": {"name": "iphone2", "product": 3, "image": "product/images/3/iphone14pro2.webp"}}, {"model": "product.productimage", "pk": 4, "fields": {"name": "iphone3", "product": 3, "image": "product/images/3/iphone14pro3.webp"}}, {"model": "product.productimage", "pk": 5, "fields": {"name": "iphone4", "product": 3, "image": "product/images/3/iphone14pro4.webp"}}, {"model": "product.productimage", "pk": 6, "fields": {"name": "xiaomi1061", "product": 1, "image": "product/images/1/xiaomi_10.6.webp"}}, {"model": "product.productimage", "pk": 7, "fields": {"name": "xiaomi1062", "product": 1, "image": "product/images/1/xiaomi_10.62.webp"}}, {"model": "product.productimage", "pk": 8, "fields": {"name": "xiaomi1063", "product": 1, "image": "product/images/1/xiaomi_10.63.webp"}}, {"model": "product.productimage", "pk": 9, "fields": {"name": "xiaomi1064", "product": 1, "image": "product/images/1/xiaomi_10.64.webp"}}, {"model": "product.productimage", "pk": 10, "fields": {"name": "applewatch1", "product": 2, "image": "product/images/2/applewatch1.webp"}}, {"model": "product.productimage", "pk": 11, "fields": {"name": "applewatch2", "product": 2, "image": "product/images/2/applewatch2.webp"}}, {"model": "product.productimage", "pk": 12, "fields": {"name": "applewatch3", "product": 2, "image": "product/images/2/applewatch3.webp"}}, {"model": "product.productimage", "pk": 13, "fields": {"name": "applewatch4", "product": 2, "image": "product/images/2/applewatch4.webp"}}, {"model": "product.productimage", "pk": 14, "fields": {"name": "ipadmini", "product": 4, "image": "product/images/4/ipadmini.webp"}}, {"model": "product.productimage", "pk": 15, "fields": {"name": "ipadmini2", "product": 4, "image": "product/images/4/ipadmini2.webp"}}, {"model": "product.productimage", "pk": 16, "fields": {"name": "ipadmini3", "product": 4, "image": "product/images/4/ipadmini3.webp"}}, {"model": "product.productimage", "pk": 17, "fields": {"name": "ipadmini4", "product": 4, "image": "product/images/4/ipadmini4.webp"}}, {"model": "product.productimage", "pk": 18, "fields": {"name": "honorpad", "product": 5, "image": "product/images/5/honorpad.webp"}}, {"model": "product.productimage", "pk": 19, "fields": {"name": "honorpad1", "product": 5, "image": "product/images/5/honorpad1.webp"}}, {"model": "product.productimage", "pk": 20, "fields": {"name": "honorpad2", "product": 5, "image": "product/images/5/honorpad2.webp"}}, {"model": "product.productimage", "pk": 21, "fields": {"name": "honorpad3", "product": 5, "image": "product/images/5/honorpad3.webp"}}, {"model": "product.productimage", "pk": 22, "fields": {"name": "honorpad4", "product": 5, "image": "product/images/5/honorpad4.webp"}}, {"model": "product.productimage", "pk": 23, "fields": {"name": "teclast", "product": 6, "image": "product/images/6/teclast.webp"}}, {"model": "product.productimage", "pk": 24, "fields": {"name": "honorpad1_SydAOyi", "product": 5, "image": "product/images/5/honorpad1_SydAOyi.webp"}}, {"model": "product.productimage", "pk": 25, "fields": {"name": "honorpad2_MgVxA0v", "product": 5, "image": "product/images/5/honorpad2_MgVxA0v.webp"}}, {"model": "product.productimage", "pk": 26, "fields": {"name": "teclast3", "product": 6, "image": "product/images/6/teclast3.webp"}}, {"model": "product.productimage", "pk": 27, "fields": {"name": "teclast4", "product": 6, "image": "product/images/6/teclast4.webp"}}, {"model": "product.productimage", "pk": 28, "fields": {"name": "macbookpro", "product": 7, "image": "product/images/7/macbookpro.webp"}}, {"model": "product.productimage", "pk": 29, "fields": {"name": "macbookpro1", "product": 7, "image": "product/images/7/macbookpro1.webp"}}, {"model": "product.productimage", "pk": 30, "fields": {"name": "macbookpro2", "product": 7, "image": "product/images/7/macbookpro2.webp"}}, {"model": "product.productimage", "pk": 31, "fields": {"name": "macbookpro3", "product": 7, "image": "product/images/7/macbookpro3.webp"}}, {"model": "product.productimage", "pk": 32, "fields": {"name": "aceraspire", "product": 8, "image": "product/images/8/aceraspire.webp"}}, {"model": "product.productimage", "pk": 33, "fields": {"name": "aceraspire1", "product": 8, "image": "product/images/8/aceraspire1.webp"}}, {"model": "product.productimage", "pk": 34, "fields": {"name": "aceraspire2", "product": 8, "image": "product/images/8/aceraspire2.webp"}}, {"model": "product.productimage", "pk": 35, "fields": {"name": "aceraspire3", "product": 8, "image": "product/images/8/aceraspire3.webp"}}, {"model": "product.productimage", "pk": 36, "fields": {"name": "asustuf", "product": 9, "image": "product/images/9/asustuf.webp"}}, {"model": "product.productimage", "pk": 37, "fields": {"name": "asustuf1", "product": 9, "image": "product/images/9/aasustuf1.webp"}}, {"model": "product.productimage", "pk": 38, "fields": {"name": "asustuf2", "product": 9, "image": "product/images/9/aasustuf2.webp"}}, {"model": "product.productimage", "pk": 39, "fields": {"name": "asustuf3", "product": 9, "image": "product/images/9/aasustuf3.webp"}}, {"model": "product.productimage", "pk": 40, "fields": {"name": "gigabyte", "product": 10, "image": "product/images/10/gigabyte.webp"}}, {"model": "product.productimage", "pk": 41, "fields": {"name": "gigabyte1", "product": 10, "image": "product/images/10/gigabyte1.webp"}}, {"model": "product.productimage", "pk": 42, "fields": {"name": "gigabyte2", "product": 10, "image": "product/images/10/gigabyte2.webp"}}, {"model": "product.productimage", "pk": 43, "fields": {"name": "huaweimate", "product": 11, "image": "product/images/11/huaweimate.webp"}}, {"model": "product.productimage", "pk": 44, "fields": {"name": "huaweimate1", "product": 11, "image": "product/images/11/huaweimate1.webp"}}, {"model": "product.productimage", "pk": 45, "fields": {"name": "huaweimate2", "product": 11, "image": "product/images/11/huaweimate2.webp"}}, {"model": "product.productimage", "pk": 46, "fields": {"name": "huaweimate3", "product": 11, "image": "product/images/11/huaweimate3.webp"}}, {"model": "product.productimage", "pk": 47, "fields": {"name": "huaweimate4", "product": 11, "image": "product/images/11/huaweimate4.webp"}}, {"model": "product.productimage", "pk": 48, "fields": {"name": "acerk243", "product": 12, "image": "product/images/12/acerk243.webp"}}, {"model": "product.productimage", "pk": 49, "fields": {"name": "acerk2431", "product": 12, "image": "product/images/12/acerk2431.webp"}}, {"model": "product.productimage", "pk": 50, "fields": {"name": "acerk2432", "product": 12, "image": "product/images/12/acerk2432.webp"}}, {"model": "product.productimage", "pk": 51, "fields": {"name": "acerk2433", "product": 12, "image": "product/images/12/acerk2433.webp"}}, {"model": "product.productimage", "pk": 52, "fields": {"name": "acerk2434", "product": 12, "image": "product/images/12/acerk2434.webp"}}, {"model": "product.productimage", "pk": 53, "fields": {"name": "iphone-15", "product": 13, "image": "product/images/13/iphone15.webp"}}, {"model": "product.productimage", "pk": 54, "fields": {"name": "iphone-15-1", "product": 13, "image": "product/images/13/iphone15-1.webp"}}, {"model": "product.productimage", "pk": 55, "fields": {"name": "iphone-15-2", "product": 13, "image": "product/images/13/iphone15-2.webp"}}, {"model": "product.productimage", "pk": 56, "fields": {"name": "iphone-15-3", "product": 13, "image": "product/images/13/iphone15-3.webp"}}, {"model": "product.productimage", "pk": 57, "fields": {"name": "apple-watch-ultra-2", "product": 14, "image": "product/images/14/apple-watch-ultra-2.webp"}}, {"model": "product.productimage", "pk": 58, "fields": {"name": "apple-watch-ultra-2-1", "product": 14, "image": "product/images/14/apple-watch-ultra-2-1.webp"}}, {"model": "product.productimage", "pk": 59, "fields": {"name": "apple-watch-ultra-2-2", "product": 14, "image": "product/images/14/apple-watch-ultra-2-2.webp"}}, {"model": "product.productimage", "pk": 60, "fields": {"name": "apple-watch-ultra-2-3", "product": 14, "image": "product/images/14/apple-watch-ultra-2-3.webp"}}, {"model": "product.productimage", "pk": 61, "fields": {"name": "apple-watch-ultra-2-4", "product": 14, "image": "product/images/14/apple-watch-ultra-2-4.webp"}}, {"model": "product.productimage", "pk": 62, "fields": {"name": "mixer-bork", "product": 15, "image": "product/images/15/mixer-bork.webp"}}, {"model": "product.productimage", "pk": 63, "fields": {"name": "mixer-bork-1", "product": 15, "image": "product/images/15/mixer-bork-1.webp"}}, {"model": "product.productimage", "pk": 64, "fields": {"name": "mixer-bork-2", "product": 15, "image": "product/images/15/mixer-bork-2.webp"}}, {"model": "product.productimage", "pk": 65, "fields": {"name": "mixer-bork-3", "product": 15, "image": "product/images/15/mixer-bork-3.webp"}}, {"model": "product.productimage", "pk": 66, "fields": {"name": "mixer-bork-4", "product": 15, "image": "product/images/15/mixer-bork-4.webp"}}, {"model": "product.productimage", "pk": 67, "fields": {"name": "mixer-bork-5", "product": 15, "image": "product/images/15/mixer-bork-5.webp"}}, {"model": "product.productimage", "pk": 68, "fields": {"name": "mixer-bork-6", "product": 15, "image": "product/images/15/mixer-bork-6.webp"}}, {"model": "product.productimage", "pk": 69, "fields": {"name": "De’Longhi", "product": 16, "image": "product/images/16/DeLonghi.webp"}}, {"model": "product.productimage", "pk": 70, "fields": {"name": "De’Longhi-1", "product": 16, "image": "product/images/16/DeLonghi-1.webp"}}, {"model": "product.productimage", "pk": 71, "fields": {"name": "De’Longhi-2", "product": 16, "image": "product/images/16/DeLonghi-2.webp"}}, {"model": "product.productimage", "pk": 72, "fields": {"name": "De’Longhi-3", "product": 16, "image": "product/images/16/DeLonghi-3.webp"}}, {"model": "product.productimage", "pk": 73, "fields": {"name": "De’Longhi-4", "product": 16, "image": "product/images/16/DeLonghi-4.webp"}}, {"model": "product.productimage", "pk": 74, "fields": {"name": "De’Longhi-5", "product": 16, "image": "product/images/16/DeLonghi-5.webp"}}, {"model": "product.productimage", "pk": 75, "fields": {"name": "AirPodsGreen", "product": 17, "image": "product/images/17/AirPodsGreen.webp"}}, {"model": "product.productimage", "pk": 76, "fields": {"name": "AirPodsGreen-1", "product": 17, "image": "product/images/17/AirPodsGreen-1.webp"}}, {"model": "product.productimage", "pk": 77, "fields": {"name": "AirPodsGreen-2", "product": 17, "image": "product/images/17/AirPodsGreen-2.webp"}}, {"model": "product.productimage", "pk": 78, "fields": {"name": "AirPodsGreen-3", "product": 17, "image": "product/images/17/AirPodsGreen-3.webp"}}, {"model": "product.productimage", "pk": 79, "fields": {"name": "AirPodsGreen-4", "product": 17, "image": "product/images/17/AirPodsGreen-4.webp"}}, {"model": "product.productimage", "pk": 80, "fields": {"name": "AirPodsGreen-5", "product": 17, "image": "product/images/17/AirPodsGreen-5.webp"}}, {"model": "product.productimage", "pk": 81, "fields": {"name": "AirPodsGreen-6", "product": 17, "image": "product/images/17/AirPodsGreen-6.webp"}}, {"model": "product.productimage", "pk": 82, "fields": {"name": "dysonZone", "product": 18, "image": "product/images/18/dysonZone.webp"}}, {"model": "product.productimage", "pk": 83, "fields": {"name": "dysonZone-1", "product": 18, "image": "product/images/18/dysonZone-1.webp"}}, {"model": "product.productimage", "pk": 84, "fields": {"name": "dysonZone-2", "product": 18, "image": "product/images/18/dysonZone-2.webp"}}, {"model": "product.productimage", "pk": 85, "fields": {"name": "dysonZone-3", "product": 18, "image": "product/images/18/dysonZone-3.webp"}}, {"model": "product.productimage", "pk": 86, "fields": {"name": "redmiNote12PRo", "product": 19, "image": "product/images/19/redmiNote12PRo.webp"}}, {"model": "product.productimage", "pk": 87, "fields": {"name": "redmiNote12PRo-1", "product": 19, "image": "product/images/19/redmiNote12PRo-1.webp"}}, {"model": "product.productimage", "pk": 88, "fields": {"name": "redmiNote12PRo-2", "product": 19, "image": "product/images/19/redmiNote12PRo-2.webp"}}, {"model": "product.productimage", "pk": 89, "fields": {"name": "redmiNote12PRo-3", "product": 19, "image": "product/images/19/redmiNote12PRo-3.webp"}}, {"model": "product.productimage", "pk": 90, "fields": {"name": "redmiNote12PRo-4", "product": 19, "image": "product/images/19/redmiNote12PRo-4.webp"}}, {"model": "product.productimage", "pk": 91, "fields": {"name": "redmiNote12PRo-5", "product": 19, "image": "product/images/19/redmiNote12PRo-5.webp"}}, {"model": "product.productimage", "pk": 92, "fields": {"name": "redmiNote12PRo-6", "product": 19, "image": "product/images/19/redmiNote12PRo-6.webp"}}, {"model": "product.productimage", "pk": 93, "fields": {"name": "WGB256A0PL", "product": 20, "image": "product/images/20/WGB256A0PL.webp"}}, {"model": "product.productimage", "pk": 94, "fields": {"name": "WGB256A0PL-1", "product": 20, "image": "product/images/20/WGB256A0PL-1.webp"}}, {"model": "product.productimage", "pk": 95, "fields": {"name": "WGB256A0PL-2", "product": 20, "image": "product/images/20/WGB256A0PL-2.webp"}}, {"model": "product.productimage", "pk": 96, "fields": {"name": "WGB256A0PL-3", "product": 20, "image": "product/images/20/WGB256A0PL-3.webp"}}, {"model": "product.productimage", "pk": 97, "fields": {"name": "WGB256A0PL-4", "product": 20, "image": "product/images/20/WGB256A0PL-4.webp"}}, {"model": "product.productimage", "pk": 98, "fields": {"name": "HotpointNSB", "product": 21, "image": "product/images/21/HotpointNSB.webp"}}, {"model": "product.productimage", "pk": 99, "fields": {"name": "HotpointNSB-1", "product": 21, "image": "product/images/21/HotpointNSB-1.webp"}}, {"model": "product.productimage", "pk": 100, "fields": {"name": "HotpointNSB-2", "product": 21, "image": "product/images/21/HotpointNSB-2.webp"}}, {"model": "product.productimage", "pk": 101, "fields": {"name": "HotpointNSB-3", "product": 21, "image": "product/images/21/HotpointNSB-3.webp"}}, {"model": "product.productimage", "pk": 102, "fields": {"name": "HotpointNSB-5", "product": 21, "image": "product/images/21/HotpointNSB-5.webp"}}, {"model": "product.productimage", "pk": 103, "fields": {"name": "HotpointNSB-7", "product": 21, "image": "product/images/21/HotpointNSB-7.webp"}}, {"model": "product.productimage", "pk": 104, "fields": {"name": "MNA110MS1ACXRU", "product": 22, "image": "product/images/22/MNA110MS1ACXRU.webp"}}, {"model": "product.productimage", "pk": 105, "fields": {"name": "MNA110MS1ACXRU-1", "product": 22, "image": "product/images/22/MNA110MS1ACXRU-1.webp"}}, {"model": "product.productimage", "pk": 106, "fields": {"name": "MNA110MS1ACXRU-2", "product": 22, "image": "product/images/22/MNA110MS1ACXRU-2.webp"}}, {"model": "product.productimage", "pk": 107, "fields": {"name": "MNA110MS1ACXRU-3", "product": 22, "image": "product/images/22/MNA110MS1ACXRU-3.webp"}}, {"model": "product.productimage", "pk": 108, "fields": {"name": "MNA110MS1ACXRU-4", "product": 22, "image": "product/images/22/MNA110MS1ACXRU-4.webp"}}, {"model": "product.productimage", "pk": 109, "fields": {"name": "OLED88Z29LA", "product": 23, "image": "product/images/23/OLED88Z29LA.webp"}}, {"model": "product.productimage", "pk": 110, "fields": {"name": "OLED88Z29LA-1", "product": 23, "image": "product/images/23/OLED88Z29LA-1.webp"}}, {"model": "product.productimage", "pk": 111, "fields": {"name": "OLED88Z29LA-2", "product": 23, "image": "product/images/23/OLED88Z29LA-2.webp"}}, {"model": "product.productimage", "pk": 112, "fields": {"name": "OLED88Z29LA-3", "product": 23, "image": "product/images/23/OLED88Z29LA-3.webp"}}, {"model": "product.productimage", "pk": 113, "fields": {"name": "OLED88Z29LA-4", "product": 23, "image": "product/images/23/OLED88Z29LA-4.webp"}}, {"model": "product.productimage", "pk": 114, "fields": {"name": "OLED88Z29LA-5", "product": 23, "image": "product/images/23/OLED88Z29LA-5.webp"}}, {"model": "product.productimage", "pk": 115, "fields": {"name": "sonyA7", "product": 24, "image": "product/images/24/sonyA7.webp"}}, {"model": "product.productimage", "pk": 116, "fields": {"name": "sonyA7-1", "product": 24, "image": "product/images/24/sonyA7-1.webp"}}, {"model": "product.productimage", "pk": 117, "fields": {"name": "sonyA7-2", "product": 24, "image": "product/images/24/sonyA7-2.webp"}}, {"model": "product.productimage", "pk": 118, "fields": {"name": "sonyA7-3", "product": 24, "image": "product/images/24/sonyA7-3.webp"}}, {"model": "product.productimage", "pk": 119, "fields": {"name": "sonyA7-4", "product": 24, "image": "product/images/24/sonyA7-4.webp"}}, {"model": "product.productimage", "pk": 120, "fields": {"name": "sonyA7-5", "product": 24, "image": "product/images/24/sonyA7-5.webp"}}, {"model": "product.productimage", "pk": 121, "fields": {"name": "sonyA7-6", "product": 24, "image": "product/images/24/sonyA7-6.webp"}}, {"model": "product.productimage", "pk": 122, "fields": {"name": "unicornCamera", "product": 25, "image": "product/images/25/unicornCamera.webp"}}, {"model": "product.productimage", "pk": 123, "fields": {"name": "unicornCamera-1", "product": 25, "image": "product/images/25/unicornCamera-1.webp"}}, {"model": "product.productimage", "pk": 124, "fields": {"name": "unicornCamera-2", "product": 25, "image": "product/images/25/unicornCamera-2.webp"}}, {"model": "product.productimage", "pk": 125, "fields": {"name": "unicornCamera-3", "product": 25, "image": "product/images/25/unicornCamera-3.webp"}}, {"model": "product.productimage", "pk": 126, "fields": {"name": "unicornCamera-4", "product": 25, "image": "product/images/25/unicornCamera-4.webp"}}, {"model": "product.productimage", "pk": 127, "fields": {"name": "unicornCamera-5", "product": 25, "image": "product/images/25/unicornCamera-5.webp"}}, {"model": "product.productimage", "pk": 128, "fields": {"name": "unicornCamera-6", "product": 25, "image": "product/images/25/unicornCamera-6.webp"}}, {"model": "product.characteristic", "pk": 1, "fields": {"name": "Размер"}}, {"model": "product.characteristic", "pk": 2, "fields": {"name": "Цвет"}}, {"model": "product.characteristic", "pk": 3, "fields": {"name": "Материал"}}, {"model": "product.characteristic", "pk": 4, "fields": {"name": "Объем"}}, {"model": "product.characteristic", "pk": 5, "fields": {"name": "Вес"}}, {"model": "product.characteristic", "pk": 6, "fields": {"name": "Тип"}}, {"model": "product.characteristic", "pk": 7, "fields": {"name": "Совместимость"}}, {"model": "product.characteristic", "pk": 8, "fields": {"name": "Комплектация"}}, {"model": "product.characteristic", "pk": 9, "fields": {"name": "Дата"}}, {"model": "product.characteristic", "pk": 10, "fields": {"name": "Гарантийный срок"}}, {"model": "product.characteristic", "pk": 11, "fields": {"name": "Срок службы"}}, {"model": "product.characteristic", "pk": 12, "fields": {"name": "Операционная система"}}, {"model": "product.characteristic", "pk": 13, "fields": {"name": "Гарантийный срок"}}, {"model": "product.characteristic", "pk": 14, "fields": {"name": "Конструкция"}}, {"model": "product.characteristic", "pk": 15, "fields": {"name": "Импеданс"}}, {"model": "product.characteristic", "pk": 16, "fields": {"name": "Длина кабеля"}}, {"model": "product.characteristic", "pk": 17, "fields": {"name": "Разрешение экрана"}}, {"model": "product.characteristic", "pk": 18, "fields": {"name": "Разрешение, пикс"}}, {"model": "product.characteristic", "pk": 19, "fields": {"name": "Глубина цвета"}}, {"model": "product.characteristic", "pk": 20, "fields": {"name": "Smart TV"}}, {"model": "product.characteristic", "pk": 21, "fields": {"name": "Пульт ДУ"}}, {"model": "product.characteristic", "pk": 22, "fields": {"name": "Диагональ"}}, {"model": "product.productcharacteristic", "pk": 1, "fields": {"characteristic": 1, "product": 1, "description": "0"}}, {"model": "product.productcharacteristic", "pk": 2, "fields": {"characteristic": 2, "product": 1, "description": "Черный"}}, {"model": "product.productcharacteristic", "pk": 3, "fields": {"characteristic": 3, "product": 1, "description": "стекло"}}, {"model": "product.productcharacteristic", "pk": 4, "fields": {"characteristic": 5, "product": 1, "description": "206 г"}}, {"model": "product.productcharacteristic", "pk": 5, "fields": {"characteristic": 12, "product": 1, "description": "Android 12"}}, {"model": "product.productcharacteristic", "pk": 6, "fields": {"characteristic": 6, "product": 1, "description": "Классический"}}, {"model": "product.productcharacteristic", "pk": 7, "fields": {"characteristic": 8, "product": 1, "description": "кабель для зарядки, документация"}}, {"model": "product.productcharacteristic", "pk": 8, "fields": {"characteristic": 9, "product": 1, "description": "6 октября 2023"}}, {"model": "product.productcharacteristic", "pk": 9, "fields": {"characteristic": 10, "product": 1, "description": "1 год"}}, {"model": "product.productcharacteristic", "pk": 10, "fields": {"characteristic": 11, "product": 1, "description": "нет данных"}}, {"model": "product.productcharacteristic", "pk": 13, "fields": {"characteristic": 1, "product": 2, "description": "5х16.50х2см"}}, {"model": "product.productcharacteristic", "pk": 14, "fields": {"characteristic": 2, "product": 2, "description": "Черный"}}, {"model": "product.productcharacteristic", "pk": 15, "fields": {"characteristic": 3, "product": 2, "description": "пластик"}}, {"model": "product.productcharacteristic", "pk": 16, "fields": {"characteristic": 5, "product": 2, "description": "100 г"}}, {"model": "product.productcharacteristic", "pk": 17, "fields": {"characteristic": 12, "product": 2, "description": "Android 13"}}, {"model": "product.productcharacteristic", "pk": 18, "fields": {"characteristic": 6, "product": 2, "description": "Современный"}}, {"model": "product.productcharacteristic", "pk": 19, "fields": {"characteristic": 8, "product": 2, "description": "кабель для зарядки, документация"}}, {"model": "product.productcharacteristic", "pk": 20, "fields": {"characteristic": 9, "product": 2, "description": "4 марта 2023"}}, {"model": "product.productcharacteristic", "pk": 21, "fields": {"characteristic": 10, "product": 2, "description": "2 года"}}, {"model": "product.productcharacteristic", "pk": 22, "fields": {"characteristic": 11, "product": 2, "description": "7 лет"}}, {"model": "product.productcharacteristic", "pk": 23, "fields": {"characteristic": 1, "product": 3, "description": "8.80х16.50х3 см"}}, {"model": "product.productcharacteristic", "pk": 24, "fields": {"characteristic": 2, "product": 3, "description": "Белый"}}, {"model": "product.productcharacteristic", "pk": 25, "fields": {"characteristic": 3, "product": 3, "description": "метал"}}, {"model": "product.productcharacteristic", "pk": 26, "fields": {"characteristic": 5, "product": 3, "description": "248 г"}}, {"model": "product.productcharacteristic", "pk": 27, "fields": {"characteristic": 12, "product": 3, "description": "OS 17"}}, {"model": "product.productcharacteristic", "pk": 28, "fields": {"characteristic": 6, "product": 3, "description": "Новый"}}, {"model": "product.productcharacteristic", "pk": 29, "fields": {"characteristic": 8, "product": 3, "description": "кабель для зарядки, наушники"}}, {"model": "product.productcharacteristic", "pk": 30, "fields": {"characteristic": 9, "product": 3, "description": "6 октября 2023"}}, {"model": "product.productcharacteristic", "pk": 31, "fields": {"characteristic": 10, "product": 3, "description": "4 года"}}, {"model": "product.productcharacteristic", "pk": 32, "fields": {"characteristic": 11, "product": 3, "description": "7 лет"}}, {"model": "product.productcharacteristic", "pk": 33, "fields": {"characteristic": 1, "product": 4, "description": "8.80х1.50х15 см"}}, {"model": "product.productcharacteristic", "pk": 34, "fields": {"characteristic": 2, "product": 4, "description": "Синий"}}, {"model": "product.productcharacteristic", "pk": 35, "fields": {"characteristic": 3, "product": 4, "description": "Пластмасса"}}, {"model": "product.productcharacteristic", "pk": 36, "fields": {"characteristic": 5, "product": 4, "description": "319 г"}}, {"model": "product.productcharacteristic", "pk": 37, "fields": {"characteristic": 12, "product": 4, "description": "Android 10"}}, {"model": "product.productcharacteristic", "pk": 38, "fields": {"characteristic": 6, "product": 4, "description": "-"}}, {"model": "product.productcharacteristic", "pk": 39, "fields": {"characteristic": 8, "product": 4, "description": "инструкция"}}, {"model": "product.productcharacteristic", "pk": 40, "fields": {"characteristic": 9, "product": 4, "description": "6 ноября 2021"}}, {"model": "product.productcharacteristic", "pk": 41, "fields": {"characteristic": 10, "product": 4, "description": "5 лет"}}, {"model": "product.productcharacteristic", "pk": 42, "fields": {"characteristic": 11, "product": 4, "description": "6 лет"}}, {"model": "product.productcharacteristic", "pk": 43, "fields": {"characteristic": 1, "product": 5, "description": "8.80х16.50х3 см"}}, {"model": "product.productcharacteristic", "pk": 44, "fields": {"characteristic": 2, "product": 5, "description": "Бордовый"}}, {"model": "product.productcharacteristic", "pk": 45, "fields": {"characteristic": 3, "product": 5, "description": "камень"}}, {"model": "product.productcharacteristic", "pk": 46, "fields": {"characteristic": 5, "product": 5, "description": "165 г"}}, {"model": "product.productcharacteristic", "pk": 47, "fields": {"characteristic": 12, "product": 5, "description": "Windows 11"}}, {"model": "product.productcharacteristic", "pk": 48, "fields": {"characteristic": 6, "product": 5, "description": "Europe"}}, {"model": "product.productcharacteristic", "pk": 49, "fields": {"characteristic": 8, "product": 5, "description": "пульт управления"}}, {"model": "product.productcharacteristic", "pk": 50, "fields": {"characteristic": 9, "product": 5, "description": "31 декабря 2020"}}, {"model": "product.productcharacteristic", "pk": 51, "fields": {"characteristic": 10, "product": 5, "description": "2 года"}}, {"model": "product.productcharacteristic", "pk": 52, "fields": {"characteristic": 11, "product": 5, "description": "3 года"}}, {"model": "product.productcharacteristic", "pk": 53, "fields": {"characteristic": 1, "product": 6, "description": "14х10х10 см"}}, {"model": "product.productcharacteristic", "pk": 54, "fields": {"characteristic": 2, "product": 6, "description": "Красный"}}, {"model": "product.productcharacteristic", "pk": 55, "fields": {"characteristic": 3, "product": 6, "description": "дерево"}}, {"model": "product.productcharacteristic", "pk": 56, "fields": {"characteristic": 5, "product": 6, "description": "1 кг"}}, {"model": "product.productcharacteristic", "pk": 57, "fields": {"characteristic": 12, "product": 6, "description": "Linux Debian"}}, {"model": "product.productcharacteristic", "pk": 58, "fields": {"characteristic": 6, "product": 6, "description": "Classic"}}, {"model": "product.productcharacteristic", "pk": 59, "fields": {"characteristic": 8, "product": 6, "description": "транспортировочные болты"}}, {"model": "product.productcharacteristic", "pk": 60, "fields": {"characteristic": 9, "product": 6, "description": "20 августа 2023"}}, {"model": "product.productcharacteristic", "pk": 61, "fields": {"characteristic": 10, "product": 6, "description": "8 лет"}}, {"model": "product.productcharacteristic", "pk": 62, "fields": {"characteristic": 11, "product": 6, "description": "12 лет"}}, {"model": "product.productcharacteristic", "pk": 63, "fields": {"characteristic": 1, "product": 7, "description": "11.80х27.40х11 см"}}, {"model": "product.productcharacteristic", "pk": 64, "fields": {"characteristic": 2, "product": 7, "description": "Черно-белый"}}, {"model": "product.productcharacteristic", "pk": 65, "fields": {"characteristic": 3, "product": 7, "description": "Резина, стекло"}}, {"model": "product.productcharacteristic", "pk": 66, "fields": {"characteristic": 5, "product": 7, "description": "701 г"}}, {"model": "product.productcharacteristic", "pk": 67, "fields": {"characteristic": 12, "product": 7, "description": "Android 24.7"}}, {"model": "product.productcharacteristic", "pk": 68, "fields": {"characteristic": 6, "product": 7, "description": "Печатный"}}, {"model": "product.productcharacteristic", "pk": 69, "fields": {"characteristic": 8, "product": 7, "description": "силовой кабель, колесо"}}, {"model": "product.productcharacteristic", "pk": 70, "fields": {"characteristic": 9, "product": 7, "description": "25 января 2014"}}, {"model": "product.productcharacteristic", "pk": 71, "fields": {"characteristic": 10, "product": 7, "description": "1.5 года"}}, {"model": "product.productcharacteristic", "pk": 72, "fields": {"characteristic": 11, "product": 7, "description": "2 года"}}, {"model": "product.productcharacteristic", "pk": 73, "fields": {"characteristic": 1, "product": 8, "description": "ш11 д12  в17"}}, {"model": "product.productcharacteristic", "pk": 74, "fields": {"characteristic": 2, "product": 8, "description": "Серый"}}, {"model": "product.productcharacteristic", "pk": 75, "fields": {"characteristic": 3, "product": 8, "description": "золото"}}, {"model": "product.productcharacteristic", "pk": 76, "fields": {"characteristic": 5, "product": 8, "description": "1.5 кг"}}, {"model": "product.productcharacteristic", "pk": 77, "fields": {"characteristic": 12, "product": 8, "description": "Android 43"}}, {"model": "product.productcharacteristic", "pk": 78, "fields": {"characteristic": 6, "product": 8, "description": "Золотой"}}, {"model": "product.productcharacteristic", "pk": 79, "fields": {"characteristic": 8, "product": 8, "description": "Запасные части"}}, {"model": "product.productcharacteristic", "pk": 80, "fields": {"characteristic": 9, "product": 8, "description": "14 мая 2023"}}, {"model": "product.productcharacteristic", "pk": 81, "fields": {"characteristic": 10, "product": 8, "description": "14 лет"}}, {"model": "product.productcharacteristic", "pk": 82, "fields": {"characteristic": 11, "product": 8, "description": "14 месяцев"}}, {"model": "product.productcharacteristic", "pk": 83, "fields": {"characteristic": 1, "product": 9, "description": "17х100х37 мм"}}, {"model": "product.productcharacteristic", "pk": 84, "fields": {"characteristic": 2, "product": 9, "description": "Серебристый"}}, {"model": "product.productcharacteristic", "pk": 85, "fields": {"characteristic": 3, "product": 9, "description": "асфальт"}}, {"model": "product.productcharacteristic", "pk": 86, "fields": {"characteristic": 5, "product": 9, "description": "156 г"}}, {"model": "product.productcharacteristic", "pk": 88, "fields": {"characteristic": 6, "product": 9, "description": "Неоклассический"}}, {"model": "product.productcharacteristic", "pk": 89, "fields": {"characteristic": 8, "product": 9, "description": "заярдка, плеер"}}, {"model": "product.productcharacteristic", "pk": 90, "fields": {"characteristic": 9, "product": 9, "description": "21 сентбря 2019"}}, {"model": "product.productcharacteristic", "pk": 91, "fields": {"characteristic": 10, "product": 9, "description": "2 года"}}, {"model": "product.productcharacteristic", "pk": 92, "fields": {"characteristic": 11, "product": 9, "description": "3 года"}}, {"model": "product.productcharacteristic", "pk": 93, "fields": {"characteristic": 1, "product": 10, "description": "14 х 15 х 65 см"}}, {"model": "product.productcharacteristic", "pk": 94, "fields": {"characteristic": 2, "product": 10, "description": "Голубой"}}, {"model": "product.productcharacteristic", "pk": 95, "fields": {"characteristic": 3, "product": 10, "description": "Железо"}}, {"model": "product.productcharacteristic", "pk": 96, "fields": {"characteristic": 5, "product": 10, "description": "51 г"}}, {"model": "product.productcharacteristic", "pk": 97, "fields": {"characteristic": 12, "product": 10, "description": "Symbian 11"}}, {"model": "product.productcharacteristic", "pk": 98, "fields": {"characteristic": 6, "product": 10, "description": "Постоянный"}}, {"model": "product.productcharacteristic", "pk": 99, "fields": {"characteristic": 8, "product": 10, "description": "наушники, микрофон"}}, {"model": "product.productcharacteristic", "pk": 100, "fields": {"characteristic": 9, "product": 10, "description": "14 марта 2021"}}, {"model": "product.productcharacteristic", "pk": 101, "fields": {"characteristic": 10, "product": 10, "description": "2 год"}}, {"model": "product.productcharacteristic", "pk": 102, "fields": {"characteristic": 11, "product": 10, "description": "4 года"}}, {"model": "product.productcharacteristic", "pk": 103, "fields": {"characteristic": 1, "product": 11, "description": "высота - 900\nширина - 500\nдлина - 98"}}, {"model": "product.productcharacteristic", "pk": 104, "fields": {"characteristic": 2, "product": 11, "description": "Коричневый"}}, {"model": "product.productcharacteristic", "pk": 105, "fields": {"characteristic": 3, "product": 11, "description": "титан"}}, {"model": "product.productcharacteristic", "pk": 106, "fields": {"characteristic": 5, "product": 11, "description": "11 кг"}}, {"model": "product.productcharacteristic", "pk": 107, "fields": {"characteristic": 12, "product": 11, "description": "-"}}, {"model": "product.productcharacteristic", "pk": 108, "fields": {"characteristic": 6, "product": 11, "description": "Шарообразный"}}, {"model": "product.productcharacteristic", "pk": 109, "fields": {"characteristic": 8, "product": 11, "description": "ручки"}}, {"model": "product.productcharacteristic", "pk": 110, "fields": {"characteristic": 9, "product": 11, "description": "6 декабря 2024"}}, {"model": "product.productcharacteristic", "pk": 111, "fields": {"characteristic": 10, "product": 11, "description": "6 месяцев"}}, {"model": "product.productcharacteristic", "pk": 112, "fields": {"characteristic": 11, "product": 11, "description": "3 года"}}, {"model": "product.productcharacteristic", "pk": 113, "fields": {"characteristic": 3, "product": 13, "description": "Металл"}}, {"model": "product.productcharacteristic", "pk": 114, "fields": {"characteristic": 2, "product": 13, "description": "белый титан"}}, {"model": "product.productcharacteristic", "pk": 115, "fields": {"characteristic": 5, "product": 13, "description": "187 г"}}, {"model": "product.productcharacteristic", "pk": 116, "fields": {"characteristic": 1, "product": 13, "description": "70.6x146.6x8.25 мм"}}, {"model": "product.productcharacteristic", "pk": 117, "fields": {"characteristic": 3, "product": 14, "description": "Титан"}}, {"model": "product.productcharacteristic", "pk": 118, "fields": {"characteristic": 1, "product": 14, "description": "49 мм"}}, {"model": "product.productcharacteristic", "pk": 119, "fields": {"characteristic": 2, "product": 14, "description": "серебристый"}}, {"model": "product.productcharacteristic", "pk": 120, "fields": {"characteristic": 12, "product": 14, "description": "Watch OS"}}, {"model": "product.productcharacteristic", "pk": 121, "fields": {"characteristic": 3, "product": 15, "description": "Нержавеющая сталь"}}, {"model": "product.productcharacteristic", "pk": 122, "fields": {"characteristic": 4, "product": 15, "description": "4.7 л"}}, {"model": "product.productcharacteristic", "pk": 123, "fields": {"characteristic": 5, "product": 15, "description": "1 кг"}}, {"model": "product.productcharacteristic", "pk": 124, "fields": {"characteristic": 13, "product": 15, "description": "1 г"}}, {"model": "product.productcharacteristic", "pk": 125, "fields": {"characteristic": 5, "product": 17, "description": "384.8 г"}}, {"model": "product.productcharacteristic", "pk": 126, "fields": {"characteristic": 8, "product": 17, "description": "- наушники AirPods Max;\r\n- чехол Smart Case;\r\n- кабель Lightning/USB‑C;\r\n- документация"}}, {"model": "product.productcharacteristic", "pk": 127, "fields": {"characteristic": 14, "product": 17, "description": "Полноразмерные"}}, {"model": "product.productcharacteristic", "pk": 128, "fields": {"characteristic": 13, "product": 17, "description": "1 г., 7 дней на проверку,далее международная гарантия от производителя."}}, {"model": "product.productcharacteristic", "pk": 129, "fields": {"characteristic": 15, "product": 17, "description": "32 Ом"}}, {"model": "product.productcharacteristic", "pk": 130, "fields": {"characteristic": 2, "product": 18, "description": "Синий"}}, {"model": "product.productcharacteristic", "pk": 131, "fields": {"characteristic": 11, "product": 18, "description": "36 мес., Использовать при температуре не ниже -20 градусов Не рекомендуется использовать под водой, гарантия на устройство при залитии устройства водой не распространяется!"}}, {"model": "product.productcharacteristic", "pk": 132, "fields": {"characteristic": 16, "product": 18, "description": "1.5 м"}}, {"model": "product.productcharacteristic", "pk": 133, "fields": {"characteristic": 14, "product": 18, "description": "беспроводные наушники"}}, {"model": "product.productcharacteristic", "pk": 134, "fields": {"characteristic": 10, "product": 18, "description": "1 год"}}, {"model": "product.productcharacteristic", "pk": 135, "fields": {"characteristic": 3, "product": 19, "description": "стекло и пластик"}}, {"model": "product.productcharacteristic", "pk": 136, "fields": {"characteristic": 1, "product": 19, "description": "76.03x162.9x8.9 мм"}}, {"model": "product.productcharacteristic", "pk": 137, "fields": {"characteristic": 5, "product": 19, "description": "208.4 г"}}, {"model": "product.productcharacteristic", "pk": 138, "fields": {"characteristic": 14, "product": 19, "description": "FM-радио, акселерометр, гироскоп, датчик освещенности, датчик приближения, компас, стереодинамики, фонарик, Безрамочный дисплей, Поддержка OTG (USB On-The-Go), акселерометр, гироскоп, датчик освещенности, датчик приближения, гироскоп, датчик приближения, датчик освещенности, акселерометр, для CN вер"}}, {"model": "product.productcharacteristic", "pk": 139, "fields": {"characteristic": 12, "product": 19, "description": "Android 12"}}, {"model": "product.productcharacteristic", "pk": 140, "fields": {"characteristic": 2, "product": 20, "description": "Белый"}}, {"model": "product.productcharacteristic", "pk": 141, "fields": {"characteristic": 1, "product": 20, "description": "84.5 см"}}, {"model": "product.productcharacteristic", "pk": 142, "fields": {"characteristic": 3, "product": 20, "description": "металл"}}, {"model": "product.productcharacteristic", "pk": 143, "fields": {"characteristic": 16, "product": 20, "description": "3 м"}}, {"model": "product.productcharacteristic", "pk": 144, "fields": {"characteristic": 14, "product": 20, "description": "Стиральная машина"}}, {"model": "product.productcharacteristic", "pk": 145, "fields": {"characteristic": 11, "product": 20, "description": "3 года"}}, {"model": "product.productcharacteristic", "pk": 146, "fields": {"characteristic": 13, "product": 20, "description": "1.5 года"}}, {"model": "product.productcharacteristic", "pk": 147, "fields": {"characteristic": 2, "product": 22, "description": "Серебристый"}}, {"model": "product.productcharacteristic", "pk": 148, "fields": {"characteristic": 3, "product": 22, "description": "Пластик"}}, {"model": "product.productcharacteristic", "pk": 149, "fields": {"characteristic": 8, "product": 22, "description": "Пульт ДУ"}}, {"model": "product.productcharacteristic", "pk": 150, "fields": {"characteristic": 21, "product": 22, "description": "есть"}}, {"model": "product.productcharacteristic", "pk": 151, "fields": {"characteristic": 19, "product": 22, "description": "10 бит"}}, {"model": "product.productcharacteristic", "pk": 152, "fields": {"characteristic": 14, "product": 22, "description": "4K UHD"}}, {"model": "product.productcharacteristic", "pk": 153, "fields": {"characteristic": 20, "product": 22, "description": "да"}}, {"model": "product.productcharacteristic", "pk": 154, "fields": {"characteristic": 18, "product": 22, "description": "3840x2160"}}, {"model": "product.productcharacteristic", "pk": 155, "fields": {"characteristic": 22, "product": 23, "description": "110\"(279 см)"}}, {"model": "product.productcharacteristic", "pk": 156, "fields": {"characteristic": 18, "product": 23, "description": "3840x2160"}}, {"model": "product.productcharacteristic", "pk": 157, "fields": {"characteristic": 17, "product": 23, "description": "4K UHD"}}, {"model": "product.productcharacteristic", "pk": 158, "fields": {"characteristic": 2, "product": 23, "description": "серебристый"}}, {"model": "product.productcharacteristic", "pk": 159, "fields": {"characteristic": 20, "product": 23, "description": "да"}}, {"model": "product.productcharacteristic", "pk": 160, "fields": {"characteristic": 21, "product": 23, "description": "1"}}, {"model": "product.productcharacteristic", "pk": 161, "fields": {"characteristic": 1, "product": 24, "description": "Full frame (35.6 x 23.8 мм)"}}, {"model": "product.productcharacteristic", "pk": 162, "fields": {"characteristic": 2, "product": 24, "description": "Black"}}, {"model": "product.productcharacteristic", "pk": 163, "fields": {"characteristic": 17, "product": 24, "description": "6000 x 4000"}}, {"model": "product.productcharacteristic", "pk": 164, "fields": {"characteristic": 8, "product": 24, "description": "Bluetooth, HDMI, NFC, USB, Wi-Fi, выход на наушники, микрофонный вход, разъем для пульта ДУ, Проводной"}}, {"model": "product.productcharacteristic", "pk": 165, "fields": {"characteristic": 5, "product": 24, "description": "650 г, с элементами питания"}}, {"model": "product.productcharacteristic", "pk": 166, "fields": {"characteristic": 11, "product": 24, "description": "1 г."}}, {"model": "product.productcharacteristic", "pk": 167, "fields": {"characteristic": 13, "product": 24, "description": "2 г., Гарантия производителя"}}, {"model": "product.productcharacteristic", "pk": 168, "fields": {"characteristic": 8, "product": 25, "description": "Фотоаппарат; Защитный чехол; Ремешок; Кабель USB; Инструкция; Кард-ридер для переноса снимков"}}, {"model": "product.productcharacteristic", "pk": 169, "fields": {"characteristic": 13, "product": 25, "description": "30 дн., Гарантия распространяется на заводской брак. В случае падения камера может повредиться - бережная эксплуатация"}}, {"model": "product.productcharacteristic", "pk": 170, "fields": {"characteristic": 5, "product": 25, "description": "101.7 г"}}, {"model": "product.productcharacteristic", "pk": 171, "fields": {"characteristic": 1, "product": 25, "description": "80x65x60"}}, {"model": "product_seller.productseller", "pk": 1, "fields": {"product": 2, "seller": 1, "products_count": 0, "price": 5000.0}}, {"model": "product_seller.productseller", "pk": 2, "fields": {"product": 8, "seller": 1, "products_count": 5, "price": 10000.0}}, {"model": "product_seller.productseller", "pk": 3, "fields": {"product": 25, "seller": 2, "products_count": 2, "price": 12121.0}}, {"model": "product_seller.productseller", "pk": 4, "fields": {"product": 7, "seller": 2, "products_count": 0, "price": 7871.0}}, {"model": "product_seller.productseller", "pk": 5, "fields": {"product": 21, "seller": 7, "products_count": 5, "price": 10000.0}}, {"model": "product_seller.productseller", "pk": 6, "fields": {"product": 10, "seller": 2, "products_count": 4, "price": 5789.0}}, {"model": "product_seller.productseller", "pk": 7, "fields": {"product": 8, "seller": 6, "products_count": 5, "price": 8986.0}}, {"model": "product_seller.productseller", "pk": 8, "fields": {"product": 6, "seller": 3, "products_count": 10, "price": 14354.0}}, {"model": "product_seller.productseller", "pk": 9, "fields": {"product": 16, "seller": 4, "products_count": 4, "price": 6769.0}}, {"model": "product_seller.productseller", "pk": 10, "fields": {"product": 19, "seller": 7, "products_count": 14, "price": 9999.0}}, {"model": "product_seller.productseller", "pk": 11, "fields": {"product": 1, "seller": 5, "products_count": 7, "price": 37632.0}}, {"model": "product_seller.productseller", "pk": 12, "fields": {"product": 22, "seller": 4, "products_count": 8, "price": 29741.0}}, {"model": "product_seller.productseller", "pk": 13, "fields": {"product": 8, "seller": 3, "products_count": 17, "price": 41000.0}}, {"model": "product_seller.productseller", "pk": 14, "fields": {"product": 10, "seller": 6, "products_count": 6723, "price": 25488.0}}, {"model": "product_seller.productseller", "pk": 15, "fields": {"product": 12, "seller": 2, "products_count": 4, "price": 17834.0}}, {"model": "product_seller.productseller", "pk": 16, "fields": {"product": 11, "seller": 1, "products_count": 8, "price": 49912.0}}, {"model": "product_seller.productseller", "pk": 17, "fields": {"product": 2, "seller": 3, "products_count": 6, "price": 19999.0}}, {"model": "product_seller.productseller", "pk": 18, "fields": {"product": 5, "seller": 5, "products_count": 8789, "price": 12772.0}}, {"model": "product_seller.productseller", "pk": 19, "fields": {"product": 11, "seller": 5, "products_count": 14, "price": 32897.0}}, {"model": "product_seller.productseller", "pk": 20, "fields": {"product": 12, "seller": 5, "products_count": 6, "price": 42122.0}}, {"model": "product_seller.productseller", "pk": 21, "fields": {"product": 7, "seller": 1, "products_count": 6, "price": 14000.0}}, {"model": "product_seller.productseller", "pk": 22, "fields": {"product": 13, "seller": 1, "products_count": 24, "price": 34812.0}}, {"model": "product_seller.productseller", "pk": 23, "fields": {"product": 24, "seller": 5, "products_count": 0, "price": 29451.0}}, {"model": "product_seller.productseller", "pk": 24, "fields": {"product": 14, "seller": 7, "products_count": 19, "price": 20716.0}}, {"model": "product_seller.productseller", "pk": 25, "fields": {"product": 23, "seller": 6, "products_count": 2, "price": 23871.0}}, {"model": "product_seller.productseller", "pk": 26, "fields": {"product": 15, "seller": 6, "products_count": 4, "price": 42909.0}}, {"model": "product_seller.productseller", "pk": 27, "fields": {"product": 22, "seller": 3, "products_count": 13, "price": 45098.0}}, {"model": "product_seller.productseller", "pk": 28, "fields": {"product": 16, "seller": 3, "products_count": 20, "price": 8999.0}}, {"model": "product_seller.productseller", "pk": 29, "fields": {"product": 5, "seller": 7, "products_count": 11, "price": 11110.0}}, {"model": "product_seller.productseller", "pk": 30, "fields": {"product": 17, "seller": 4, "products_count": 13, "price": 39999.0}}, {"model": "product_seller.productseller", "pk": 31, "fields": {"product": 3, "seller": 5, "products_count": 15, "price": 38999.0}}, {"model": "product_seller.productseller", "pk": 32, "fields": {"product": 18, "seller": 6, "products_count": 12, "price": 12799.0}}, {"model": "product_seller.productseller", "pk": 33, "fields": {"product": 19, "seller": 1, "products_count": 13, "price": 13901.0}}, {"model": "product_seller.productseller", "pk": 34, "fields": {"product": 20, "seller": 1, "products_count": 30, "price": 31644.0}}, {"model": "product_seller.productseller", "pk": 35, "fields": {"product": 21, "seller": 2, "products_count": 12, "price": 24999.0}}, {"model": "product_seller.productseller", "pk": 36, "fields": {"product": 17, "seller": 7, "products_count": 14, "price": 40999.0}}, {"model": "product_seller.productseller", "pk": 37, "fields": {"product": 20, "seller": 6, "products_count": 4, "price": 30111.0}}, {"model": "product_seller.productseller", "pk": 38, "fields": {"product": 18, "seller": 4, "products_count": 4, "price": 49999.0}}, {"model": "product_seller.productseller", "pk": 39, "fields": {"product": 15, "seller": 1, "products_count": 111, "price": 45000.0}}, {"model": "product_seller.productseller", "pk": 40, "fields": {"product": 3, "seller": 4, "products_count": 2, "price": 21333.0}}, {"model": "product_seller.productseller", "pk": 41, "fields": {"product": 23, "seller": 3, "products_count": 14, "price": 37666.0}}, {"model": "product_seller.productseller", "pk": 42, "fields": {"product": 14, "seller": 6, "products_count": 78, "price": 16874.0}}, {"model": "product_seller.productseller", "pk": 43, "fields": {"product": 24, "seller": 2, "products_count": 12, "price": 19888.0}}, {"model": "product_seller.productseller", "pk": 44, "fields": {"product": 13, "seller": 5, "products_count": 13, "price": 21081.0}}, {"model": "product_seller.productseller", "pk": 45, "fields": {"product": 1, "seller": 4, "products_count": 18, "price": 8999.0}}, {"model": "product_seller.productseller", "pk": 46, "fields": {"product": 25, "seller": 1, "products_count": 1, "price": 9999.0}}, {"model": "product_seller.productseller", "pk": 47, "fields": {"product": 6, "seller": 6, "products_count": 13, "price": 24555.0}}, {"model": "review.review", "pk": 1, "fields": {"product": 3, "user": 1, "comment": "Но есть одно НО!!! При заказе был выбор с какой сим картой телефон, 1 вариант: нано-сим+ е-сим, либо е-сим+ е- сим, естественно я выбрала привычный всем вариант с нано- сим!!!!! И какой вы думаете мне приехал телефон???? С двумя е-сим!!!!! Без возможности вставить нано сим , потому что там даже некуда вставлять ее!!!!! Очень отвратительное и безответственное отношение к покупателям!!! Так что будьте внимательны при заказе!!!!!", "created_at": "2023-07-12T11:42:27.166"}}, {"model": "review.review", "pk": 2, "fields": {"product": 2, "user": 1, "comment": "Быстрая и сочная передача цвета.\r\nВ этой IPS матрице чёрный цвет ровный, засветов не заметно. Присутствует гибкая настройка изображения с отличными пресетами (то, что на старом выставлял вручную, тут предложил \"из коробки\"). Отклик 1мс. Ножка основания смотрится круто", "created_at": "2023-07-12T11:42:27.166"}}, {"model": "review.review", "pk": 3, "fields": {"product": 11, "user": 1, "comment": "Уточняйте у продавца перед покупкой для какого рынка версия. Я прочитала описание, было указано, что тел поддерживает esim. Потом очень долго искала ее подключение в настройках. А, в итоге, выяснилось, что телефон на 2 физические карты. Благодарна маркету, что возврат оформили, т.к. эта функция очень важна для меня.", "created_at": "2023-07-12T11:42:27.166"}}, {"model": "review.review", "pk": 4, "fields": {"product": 9, "user": 1, "comment": "В принципе, я понимал, на что иду, переходя с пикселя 4 на айфон.\r\nПриятный дизайн, отличная камера, хотя астрофотография все ещё слабее пикселя 4.\r\nВырез порадовал, смотрится нормально. Цвет немного другой в отличие от предыдущих моделей.\r\nПосле чистого андроида у гугл пиксель операционка Айфона конечно полная хрень. Заряд держит неплохо. Always on дисплей не вызывает восторга, норм.", "created_at": "2023-07-12T11:42:27.166"}}, {"model": "review.review", "pk": 5, "fields": {"product": 8, "user": 1, "comment": "Android - открытая система. Это как плюс, но она же этим создаёт и кучу МИНУСОВ. iOS(iPhone) в этом плане лучшеНу так зависит от пользователя. А не надо на Android из-за того что он открытый ставить всё подряд до бесконечности, потом удалять, потом опять ставить всякие лаунчеры(Launcher)постоянно этим изменяя систему. А Удаляют как правило некорректно, в КЭШе куча мусора остаётся, толком ни кто не чистит КЭШ. Вот из-за этого Android потом и тормозит, потому что вся память ОЗУ забита мусором. Если базовую версию Android с завода не трогать. установить только мессенджеры и VLC,", "created_at": "2023-07-12T11:42:27.166"}}, {"model": "review.review", "pk": 6, "fields": {"product": 3, "user": 1, "comment": "Очень рада, что появилась данная модель Apple iPhone. Модель полность оправдала мои ожидания, качество камеры обалденной, огромный плюс в том, что можно без проблем снимать в темное время суток и все будет хорошо видно на видео, чего не скажешь о 13 iPhone. И хоть цена и немного кусалась, но я решилась на данное приобретение. Отдельная благодарность менеджерам, связались быстро и все подсказали.", "created_at": "2023-07-12T11:42:27.166"}}, {"model": "review.review", "pk": 8, "fields": {"product": 3, "user": 1, "comment": "Экран шик, перешел с 12 про, казалось что лучше уже некуда, но айфон удивил. Очень классный цвет - рамка теперь черная, линзы черные - красота! Работает все естественно идеально и очень быстро, камеры не сказать что сильно изменились, но все-таки стали получше, особенно заметно лучше стала фронталка. Анимация у острова прикольная.", "created_at": "2023-07-12T11:42:27.166"}}, {"model": "review.review", "pk": 9, "fields": {"product": 12, "user": 1, "comment": "Относительно продавца - доставили из Москвы в Тюмень за 1,5 дня, всегда были на связи, озвучили и разъяснили всю нюансы покупки, чек был в посылке) 011010✌️", "created_at": "2023-07-12T11:42:27.166"}}, {"model": "review.review", "pk": 10, "fields": {"product": 11, "user": 1, "comment": "Модель для Японского рынка. Все функционирует. Сотовая связь работает также, как и на Ростесте. Звук затвора камеры на беззвучном режиме не слышно. Всё отлично", "created_at": "2023-07-12T11:42:27.166"}}, {"model": "review.review", "pk": 11, "fields": {"product": 5, "user": 1, "comment": "Пользуюсь всего несколько дней поэтому прошу не судить предвзято. Взял на замену iphone 13 pro, новый черный цвет смотрится по другому в отличии от графитового, модель 2890 никаких проблем с нашими сетями нет, все работает. Экран чтобы не говорили смотрится ярче, прирост в производительности есть, видно даже по анимации,", "created_at": "2023-07-12T11:42:27.166"}}, {"model": "review.review", "pk": 12, "fields": {"product": 3, "user": 1, "comment": "Все работает на ios без проблем\r\nДаже камера снимает - главное ее запустить перед этим\r\nПровел тренировку с великом пишет трек все очень приятно и информативно.", "created_at": "2023-07-12T11:42:27.166"}}, {"model": "review.review", "pk": 13, "fields": {"product": 9, "user": 1, "comment": "Данные часы либо так и останутся с набором функций для поддержки и мониторинга вашей активности, либо когда-нибудь в них завезут и другой функционал. Но скорее всего вас попросят купить их вторую/третью/обновлённую версию, а это про этот гаджет забудут.", "created_at": "2023-07-12T11:42:27.166"}}, {"model": "review.review", "pk": 14, "fields": {"product": 3, "user": 1, "comment": "Все функции работают на отлично. Легкие, практически не ощущаются на руке. Очень долго работают на одном заряде. Дней на 20 одного заряда хватает.", "created_at": "2023-07-12T11:42:27.166"}}, {"model": "review.review", "pk": 15, "fields": {"product": 7, "user": 1, "comment": "Красивые, выглядят стильно и аккуратно, синий цвет кайфовый! Выполняют свои функции, пульс, кислород в крови и сон замеряют, с iOS вероятно не всё получилось опробовать, но оставили очень классное впечатление! Обалденные циферблаты на разные тематики, apple в этом сильно отстал!\r\nВ целом, часы понравились, не считая подтормаживаний экрана, но если часы нужны в основном смотреть время, не пропускать уведомления и замерять шаги - хороший вариант!", "created_at": "2023-07-12T11:42:27.166"}}, {"model": "review.review", "pk": 16, "fields": {"product": 6, "user": 1, "comment": "1) короткий ремешок\r\n2) встроенные циферблаты (пока что?) не русифицированы и нет возможности поставить сторонние\r\n3) нельзя самостоятельно выбрать город для погоды, геолокация может определяться не очень точно все-таки\r\n4) расположение некоторых настроек (таких как цели) несколько нелогично\r\n5) тормозит интерфейс прокрутки уведомлений", "created_at": "2023-05-12T09:48:27.166"}}, {"model": "review.review", "pk": 17, "fields": {"product": 1, "user": 1, "comment": "Тормозят - прокрутка экрана и действия, если быстро перемещаться и нажимать, может хорошо затупить, увы. Это единственный весомый минус.\r\nПосле обновления стали чуток работать получше, но возможно мне кажется, т.к. уже часы были изучены и не было нужды в них копаться, как при первоначальном пользовании и настройке.", "created_at": "2023-02-12T09:48:27.166"}}, {"model": "review.review", "pk": 18, "fields": {"product": 1, "user": 1, "comment": "Малые углы обзора, если смотреть под углом цвета \"плывут\", но если сидеть и работать перед ним то картинка шикарная. Нет регулировки по высоте, тоже не критично, подставка не очень высокая. Встроенные динамики ну просто не о чем. Звук тихий, так что смысла пользоваться ими никакого как по мне.", "created_at": "2023-11-17T09:24:27.166"}}, {"model": "review.review", "pk": 19, "fields": {"product": 1, "user": 1, "comment": "Приобретала ноутбук для работы, но и поиграть тоже люблю, поэтому выбор пал именно на него. В таких ноутбуках особо не разбираюсь, поэтому помогал знакомый, который хорошо разбирается. Не пожалела, что купила его, очень крутой! И по дизайну и по мощности в целом, до него тоже был асус (и есть) просто он уже супер тормозной стал, да и не был изначально таким мощным как этот, но живет уже 12 лет, чем и привлёк асус, своим долголетием) У меня он уже месяц, никаких нареканий не обнаружила.", "created_at": "2023-01-11T01:24:27.166"}}, {"model": "review.review", "pk": 20, "fields": {"product": 12, "user": 1, "comment": "Хорошее качество для обычного пользования\nХорошо упакован\nНаличие колонок, хотя и не суперского звучания", "created_at": "2023-08-17T16:24:27.166"}}, {"model": "review.review", "pk": 21, "fields": {"product": 12, "user": 1, "comment": "Ирина Морозова, не держите ноут на мягких поверхности, а то он не только греться будет, но и сгорит совсем. Только твёрдые поверхности, чтобы воздуховоды не были перекрыты. А лучше купите подставку с вентиляторами - она недорогая и ноутбук Ваш сохранит👍", "created_at": "2021-12-17T09:24:27.166"}}, {"model": "review.review", "pk": 22, "fields": {"product": 12, "user": 1, "comment": "Купил для использования с ТВ приставкой на Андроиде, подходит для этой цели идеально. Недостатков не нашел, только можно придраться к очень тихим динамикам. Но я использую с саундбаром, поэтому мне это неважно совсем.", "created_at": "2023-06-17T09:24:27.166"}}, {"model": "review.review", "pk": 23, "fields": {"product": 10, "user": 1, "comment": "Сравнительно долго включается экран (примерно 3с).\nКнопка включения сзади - не очень удобная.\nНоутбук после просыпания постоянно нуждается в нажатии F10, на другом старом мониторе такого не было - ПК запоминал какой порядок надо включать.\nЕсть рамки по периметру, куда изображение \"не доходит\".", "created_at": "2022-08-17T11:11:34.166"}}, {"model": "review.review", "pk": 24, "fields": {"product": 10, "user": 1, "comment": "Качественный товар, красивый, удобная регулировка наклона.", "created_at": "2023-04-17T09:24:27.166"}}, {"model": "review.review", "pk": 25, "fields": {"product": 5, "user": 1, "comment": "1) Наличие технологии подсветки без мерцания (Flicker-Free) - резко снижает усталость глаз при длительной работе за монитором\n2) Технология матрицы IPS - яркие ровные цвета по всей площади монитора\n3) Время отклика матрицы - 1 мс - большое достоинство данного монитора, хотя это и не особо важно для офисной работы\n4) Система ослабления синего цвета - резко снижает усталость глаз при длительной работе за монитором\n5) Макс частота кадров при макс разрешении - 75 к/с\n6) Наличие системы AMD Freesync (для владельцев видеокарт AMD)\n7) Наличие стереодинамиков", "created_at": "2023-08-04T09:24:27.166"}}, {"model": "review.review", "pk": 26, "fields": {"product": 3, "user": 1, "comment": "Отличный телефон! Фиолетовый цвет!!!!! - ОГОНЬ!!! Пришла версия для Японии, одна наносит-сим, вторая - esim. Переносила с другого айфона и некоторые санкционные приложения не доступны более в магазине App Store, но без проблем все залила с помощью утилиты imazing.\r\nКамеры отличные, испробовала широкоугольную - это нечто!\r\nПерешла с iPhone XR.Заказывала у продавца в PRO STORE. Переживала, писала и звонила им, т.к приложение Яндекс маркет зависает и я не могла отследить, где находится заказ. Но в этот раз все пришло вовремя, без задержек а самое главное новый не поддельный айфон. Написано что для страны ZA. Расшифровала для Сингапура. Перенесла все данные, приложения Сбербанка, в контакте скачала через ноут imazing. Все работает как и раньше. Этого продавца советую. В прошлый раз заказывала мужу 13 про Макс, но его не доставили в нужный день, сказали, задержут на неопределеный срок и поэтому я отменила заказ. И боялась в этот раз делать покупку. Но рискнула. Все окЭкран шик, перешел с 12 про, казалось что лучше уже некуда, но айфон удивил. Очень классный цвет - рамка теперь черная, линзы черные - красота! Работает все естественно идеально и очень быстро, камеры не сказать что сильно изменились, но все-таки стали получше, особенно заметно лучше стала фронталка. Анимация у острова прикольная.", "created_at": "2023-08-17T09:24:27.166"}}, {"model": "review.review", "pk": 27, "fields": {"product": 13, "user": 1, "comment": "Бодрый, всякие плюшки нового проца (нейронные). Безотказный FaceID: работает (после XS) в тачке.\nUI (после XS): «мягкий, гладкий» UI, всё прямо идеально мягко, бесшовно, реактивно, отзывчиво и приятно глазу.\nКамера (после XS) 💣💥. Фоткайте ночью! Просто, без вспышки.) Видно (что фоткали) будет. Не шумит так…\n«Полнокорпусный» дисплей (не хочу слышать про ведроид «от кромки до кромки»).\nКорпус (материал). У XS я разбил заднюю стенку. Через года 3, узнал внезапно.\n«Квадратный» дезигн (боковой стороны), а не круглый (как у iPhone 4-5, а не iPhone 6-8), впрочем, у меня чехол.\nMagSafe (впрочем, у меня чехол).", "created_at": "2024-01-07T11:10:51.186"}}, {"model": "review.review", "pk": 28, "fields": {"product": 13, "user": 1, "comment": "Телефон неактивированный, оригинальный, японская версия. Покупал в подарок, поэтому за помятую коробку слегка обидно, но сам телефон полностью компенсировал негативные эмоции. Магазину спасибо!", "created_at": "2024-01-07T11:11:11.901"}}, {"model": "review.review", "pk": 29, "fields": {"product": 14, "user": 1, "comment": "Итак. Первые мои Элл вотч. Никогда их не понимал и не любил за их форму. Но Ультра все изменили. Брутальный внешний вид. Отлично сидят на мужской руке. Стильные, красивые, качественные. Сравнивать буду с Гармин Эпикс 2, которые носил полтора года. Покупка вотчей была связана в первую очередь со стилем. В моей работе важно уметь произвести первое впечатление и из плюсов Ультр - узнаваемый бренд. Выглядят дорого, при этом принося пользу своему владельцу. Что еще в них хорошего - максимально просто настраиваются, учитывая, что у меня не было часов от яблока - разобраться просто и быстро удалось. Очень плавно работают. Четко определяют степень яркости в помещении. Никаких запоздалых анимаций, максимально удобно. Еще из плюсов, надев их вообще не пришлось привыкать. Нигде не мешают, не жмут, не давят. Метрики по здоровью (которые так важны для меня) присутствуют, пусть и урезанные по сравнению с Гармин. Но стоит признать, Гармин - часы для спортсменов, а часы от Купертино - полезный и стильный девайс. Соглашусь, что если вы спортсмен - Ултры не для вас. И об этом я напишу в недостатках.", "created_at": "2024-01-07T11:17:12.318"}}, {"model": "review.review", "pk": 30, "fields": {"product": 14, "user": 1, "comment": "Новый корпус действительно выглядит впечатляющи! Сам-то через пару дней привык, но окружающие замечают. Порадовал аккумулятор - если без тренировки, то 3 дня вполне себе работают. Кстати, если часы снять, экран из постоянно включенного переходи в режим Выкл.", "created_at": "2024-01-07T11:17:28.155"}}, {"model": "review.review", "pk": 31, "fields": {"product": 14, "user": 1, "comment": "Большой экран, новый корпус, ночной режим, много функций, время работы от аккумулятора", "created_at": "2024-01-07T11:17:40.380"}}, {"model": "review.review", "pk": 32, "fields": {"product": 15, "user": 1, "comment": "Тихий,мощный", "created_at": "2024-01-07T11:24:21.797"}}, {"model": "review.review", "pk": 33, "fields": {"product": 15, "user": 1, "comment": "Красивый, удобный, мощный. Тяжёлый, за счет этого стоит как влитой. Ничего не гремит.", "created_at": "2024-01-07T11:24:33.115"}}, {"model": "review.review", "pk": 34, "fields": {"product": 16, "user": 1, "comment": "Красивый, дизайн очень крутой, небольшого размера , удобный", "created_at": "2024-01-07T11:35:36.047"}}, {"model": "review.review", "pk": 35, "fields": {"product": 16, "user": 1, "comment": "Шумноват, пока единственный недостаток", "created_at": "2024-01-07T11:35:41.697"}}, {"model": "review.review", "pk": 36, "fields": {"product": 16, "user": 1, "comment": "Отличный чайник, только купил , все нравится , если будут проблемы, то дополню отзыв", "created_at": "2024-01-07T11:35:46.374"}}, {"model": "review.review", "pk": 37, "fields": {"product": 17, "user": 1, "comment": "+ звук!!!! Среди беспроводных на текущий момент это однозначно лучший звук. И\nдаже лучший среди подавляющего большинства проводных.\n+ дизайн, качество исполнения\n+ удобство посадки\n+ эргономика. Крутилка удобная и имеет малый шаг изменения громкости\n+ без оговорок лучший шумодав. Но есть нюанс (см. ниже)!\n+ режим прозрачности лучший - не просто хорошо слышно окружающих\nстановится, но и качество услышанного впечатляет.\n\nНижесказанное не является плюсом или минусом. Просто отмечу, что многие пишут про \"сцену\". Так вот не смешите, нет там широченный сцены. Или она есть, но ничем принципиально не шире, чем у других ХОРОШИХ наушников. Возможно, просто понятие \"сцена\" многими трактуется по-разному. Дело в том, что в наушниках сцену сложно сильно раздуть. Поэтому более-менее объективные граждане будут вспоминать прочитанные в отзывах возгласы о \"широчайшей сцене\" и не понимать, где же её услышать. А секрет этой \"сцены\" в том, что Эпл смогли сделать звук с не задушенный серединой и хорошим разрешением, поэтому вокал стал действительно натуральным, возникает ощущение, что певец тебе лично вещает со сцены прямо в уши. Но это не единственные наушники с таким звуком. У меня на руках ещё 2 модели ушей с полностью аналогичным звуком. Какие? Кто ХОЧЕТ, тот запросто найдёт ответ на этот вопрос. Но замечу, что, если вы захотите на своём опыте, методом перебора, узнать ответ, то обнаружите (при условии, что слух в порядке!), что 98% ассортимента магазинов звучит очень посредственно.\n\nШумодав настолько крут, что он давит не только монотонный шум или гул, но и прочие звуки. И такого я точно никогда не слышал. Он не уступает берушам!!", "created_at": "2024-01-07T12:55:14.850"}}, {"model": "review.review", "pk": 38, "fields": {"product": 17, "user": 1, "comment": "Начну с того, что я склонен скорее ругать Эпл, нежели хвалить. Их телефоны из-за урезанности возможностей мне не подходят, то же касается и компьютеров. А дело в специфике использования, не подумайте. Их наушники затычки были отвратительны как устройство воспроизведения музыки. Поэтому от Промахов я не ждал ничего. Однако, друг убедил меня зайти послушать и выразить мнение, потому что у нас с ним близкое понимание в том, какого качества должен быть звук.\n\nНадев их на голову и включив музыку, я сразу понял, что это практически эталонное звучание. Как говорится, не убавить, не прибавить. Всё настолько гармонично, что ничего не хочется изменить. Они яркие на верхах, но в то же время без перебора, как, например, у Фостекс 600 или 900, которые невозможно без прострелов циканья в мозг слушать. Баса достаточно, и он вполне хорошего качества. Возможно, не самый плотный и не самый быстрый, но его скорость и плотность таковы, что в общей звуковой картине даже в голову не придёт хотеть чего-то большего. А самое главное достоинство, которого на сегодня почти ни каких других ушей нет - это прозрачная середина, что даёт невероятно естественный вокал и ощущение открытого звучания, словно голос вокалиста поступает без всяких ухудшайзеров прямо в уши.\n\nЯ слушал их сначала сами по себе. В другой день я пришёл со своими, которые я аналогично выбрал из множества, плюс подключил к сравнению всю верхнюю полку (самые дорогие) докторхеда. Даже обидно за эту полку - почти все они, включая Bose 700е (вот уж чего не ожидал!!!) и хвалёные многими Sony WH-1000XM4, играли крайне скверно, низа переизбыток, середина зажата, словно из кастрюли звук, верх размазанный.\n\nЧто в итоге? Именно из-за звука и за лучший шумодав, а также за удобство посадки - за все эти показатели их стоит покупать как минимум пользователям Эпл. А вот для владельцев андроид телефонов, либо специальных плееров, есть альтернатива с АБСОЛЮТНО аналогичным звуком. Одна (среди полноразмерных), но есть!", "created_at": "2024-01-07T12:55:26.753"}}, {"model": "review.review", "pk": 39, "fields": {"product": 18, "user": 1, "comment": "Цвет - синий\nНастройка мощности - Автоматическая\nКласс HEPA-фильтра H12\nКомплектация\nКоробка для хранения*1, очищающий фильтр*2, ежедневные маски, фильтрующие маски, рукав для хранения*1, щетка для чистки*1, кабель для зарядки USB-C*1, евро-переходник.", "created_at": "2024-01-07T13:07:37.218"}}, {"model": "review.review", "pk": 40, "fields": {"product": 19, "user": 1, "comment": "полностью соответствует заявленным характеристикам", "created_at": "2024-01-07T13:18:58.501"}}, {"model": "review.review", "pk": 41, "fields": {"product": 20, "user": 1, "comment": "хорошая компактная машинка, стирает отлично , привезли с задержкой один день, не критично, занесли поставили куда попросила, без проблем.", "created_at": "2024-01-07T13:32:00.347"}}, {"model": "review.review", "pk": 42, "fields": {"product": 20, "user": 1, "comment": "несколько устаревшая модель - в ней не предусмотрено использование жидких моющих средств - нет специальной чашки для заливки МС при поедварительной стирке.\nШумновата - при отжиме довольно громко \"свистит\" - предыдущая машинка работала в разы тише... жаль сломалась (", "created_at": "2024-01-07T13:32:09.338"}}, {"model": "review.review", "pk": 43, "fields": {"product": 22, "user": 1, "comment": "Отличный телевизор\n8к очень классно выглядит\nЗвук отличный(хоть я и использую дополнительную аудио систему)\nНедостатки:Кронштейн чувствуется хлипким, поэтому стоит на полу", "created_at": "2024-01-07T14:11:01.184"}}, {"model": "review.review", "pk": 44, "fields": {"product": 22, "user": 1, "comment": "Отличный телевизор с крутейшей матрицей, шикарным звуком.\nВ основном, играю на нем в игры на Xbox One X и всё выглядит потрясно.\nПравда из минусов(но не минусов самого телевизора) это отсутствие 8к контента, мне банально не на чем его испытать в полной мере, поэтому жду Xbox series X, где 8к будет", "created_at": "2024-01-07T14:11:14.195"}}, {"model": "review.review", "pk": 45, "fields": {"product": 22, "user": 1, "comment": "Были проблемы с установкой в доме, габариты подходят не всем , у нас переход из холла в гостиную оказался узок, пришлось вносить через окно на первом этаже .и смех и грех))) тв рекомендую , супер", "created_at": "2024-01-07T14:11:32.121"}}, {"model": "review.review", "pk": 46, "fields": {"product": 23, "user": 1, "comment": "потрясающее устройство, качество картинки невероятное, звук объёмный и чистый, работает с Яндекс Алисой, пульт приятный просто без излишеств. Samsung как всегда радует", "created_at": "2024-01-07T14:26:52.387"}}, {"model": "review.review", "pk": 47, "fields": {"product": 23, "user": 1, "comment": "Такого качества изображения врядли где то найдешь, отличная модель, но могут возникнуть проблемы с его размещением в доме в связи с диагональю", "created_at": "2024-01-07T14:27:01.894"}}, {"model": "review.review", "pk": 48, "fields": {"product": 24, "user": 1, "comment": "Нареканий к начинке камеры нет совершенно никаких. Со всеми плюсами и минусами была знакома, брала без сомнений кит. Китовый 28-70 адекватный.\nОтличная базовая камера для перехода из уровня «новичок».\n\nКамера огонь, продавцу спасибо за приятную цену и то что был на связи по поводу доставки. Рада, что успела купить пока ценник стоял 157 к за кит.", "created_at": "2024-01-07T14:45:50.712"}}, {"model": "review.review", "pk": 49, "fields": {"product": 24, "user": 1, "comment": "Из бесячих минусов первых часов использования:\n- После Canon яростно тычу в дисплей ибо забываю что у него кастрированный функционал. Но это вопрос времени и привычки.\nЕще после Canon кажется неудобным экран, но нацепила на башмак смартфон, подключила к камере и вообще забыла что что-то не так. Хотя учитывая вес стаба DJI RSC2+камера с объективом+ смартфон…Тяжеловато.\n\n- Да, по началу меню может казаться переполненным, но можно все важные настройки вывести в собственную папку и все кнопки удобно кастомизировать под себя. Очень быстро привыкаешь.\n\n- От производителя идет совершенно убогая лапша-зарядка из 2 проводов+соединительный блок питания для заряда от USB. Сам факт возможности заряда от usb даже во время съемки-это огонь, но основное зарядное устройство выглядит как хлипкая хрень, исполнение не оч.😬ИМХО.", "created_at": "2024-01-07T14:46:03.513"}}, {"model": "review.review", "pk": 50, "fields": {"product": 25, "user": 1, "comment": "Купила на 4-х летие сыну, очень понравился ему фотоаппарат, делает фото буквально всего и везде) Очень здорово, что мы едем на отдых, он берёт его с собой и очень здорово посмотреть мир глазами ребёнка, что ему важно, что он замечает. Качество не как у телефонов, нет автофокуса, но для общей картины очень даже не плохо. Флешка на 16гб даёт возможность сделать более 6тыс фото", "created_at": "2024-01-07T14:51:21.412"}}, {"model": "review.review", "pk": 51, "fields": {"product": 25, "user": 1, "comment": "Забавная игрушка. Умеет делать селфи. Фотографирует за свою цену неплохо. Подарил одну такую ребёнку, он в восторге. Жалко, что без карты памяти не очень много фотографий влезает. А ещё не самое очевидное управление в меню фотоаппарата (например, я удалил все фото, хотя хотел только одно), но думаю, что ребёнок тут быстрее разберётся. Про ударопрочность сказать ничего не могу, но выглядит довольно надёжным.", "created_at": "2024-01-07T14:51:32.872"}}, {"model": "review.review", "pk": 52, "fields": {"product": 21, "user": 1, "comment": "Не верьте менеджерам по поводу фактического размера со всеми выступающими деталями, которые говорят 42.5 см. По двери и выступам с зади со шлангами, да она 42,5, а потом раз и на двери ручка, которую они не считают выступающей деталью, а ручка + ещё почти 2 см", "created_at": "2024-01-07T15:13:40.026"}}, {"model": "review.review", "pk": 53, "fields": {"product": 21, "user": 1, "comment": "машинка отличная, работает тихо, не прыгает.", "created_at": "2024-01-07T15:13:56.212"}}, {"model": "seller.seller", "pk": 1, "fields": {"name": "М.Видео", "phone": "+734674332", "address": "г Москва, ул Тверская, д 4, офис 15", "email": "mvideo@mail.ua"}}, {"model": "seller.seller", "pk": 2, "fields": {"name": "ЭЛЬДОРАДО", "phone": "+632756725", "address": "г Москва, пр-кт Северный дублер Кутузовского, д 20, кв 199", "email": "eldorado@gmail.ru"}}, {"model": "seller.seller", "pk": 3, "fields": {"name": "Холодильник.ру", "phone": "+7674536534", "address": "г Москва, ул Академика Анохина, д 42 к 1, кв 32", "email": "holod@ya.ru"}}, {"model": "seller.seller", "pk": 4, "fields": {"name": "Партнеры", "phone": "+3674534732", "address": "г Воронеж, ул Суворова, д 122б, кв 101", "email": "partners@rambler.com"}}, {"model": "seller.seller", "pk": 5, "fields": {"name": "Lime Store", "phone": "+548784563434", "address": "г Москва, ул Ивовая, д 9, кв 30", "email": "limestore@lime.ru"}}, {"model": "seller.seller", "pk": 6, "fields": {"name": "xcom-shop", "phone": "+23675236723", "address": "115598, г Москва, Бирюлево Восточное р-н, ул Лебедянская, д 36 к 1, кв 427", "email": "shop@gmail.com"}}, {"model": "seller.seller", "pk": 7, "fields": {"name": "DNS", "phone": "+3724653472342", "address": "г Москва, ул Генерала Тюленева, д 33, кв 22", "email": "dnsshop@example.ru"}}, {"model": "user.user", "pk": 1, "fields": {"password": "pbkdf2_sha256$720000$75mcd8Ug1Apl1my0CwjUlR$Xo7vMbmgB7m2tl3zQpju84N1cTc8eRJumV38SOP82w0=", "last_login": "2024-06-01T17:15:21.851", "is_superuser": true, "username": "noname", "first_name": "Dave", "last_name": "Bradfield", "email": "seesoon@drf.com", "is_staff": true, "is_active": true, "date_joined": "2023-10-20T08:55:35", "phone": "+1 631-465-2569", "address": "USA, New York, Hicksville, 1513 Abia Martin Drive", "avatar": "user/default_avatar.svg", "groups": [], "user_permissions": []}}, {"model": "views_history.viewshistory", "pk": 1, "fields": {"product_seller": 8, "user": 1, "count": 3, "updated_at": "2024-05-31T15:43:17.168"}}, {"model": "views_history.viewshistory", "pk": 2, "fields": {"product_seller": 10, "user": 1, "count": 2, "updated_at": "2024-06-01T17:35:18.045"}}, {"model": "views_history.viewshistory", "pk": 3, "fields": {"product_seller": 11, "user": 1, "count": 1, "updated_at": "2024-05-31T15:43:17.168"}}, {"model": "views_history.viewshistory", "pk": 4, "fields": {"product_seller": 3, "user": 1, "count": 5, "updated_at": "2024-06-01T18:06:51.733"}}, {"model": "views_history.viewshistory", "pk": 5, "fields": {"product_seller": 22, "user": 1, "count": 7, "updated_at": "2024-05-31T15:43:17.168"}}, {"model": "views_history.viewshistory", "pk": 6, "fields": {"product_seller": 23, "user": 1, "count": 3, "updated_at": "2024-06-01T18:07:03.330"}}, {"model": "views_history.viewshistory", "pk": 7, "fields": {"product_seller": 24, "user": 1, "count": 5, "updated_at": "2024-05-31T15:43:17.168"}}, {"model": "views_history.viewshistory", "pk": 8, "fields": {"product_seller": 27, "user": 1, "count": 3, "updated_at": "2024-05-31T15:43:17.168"}}, {"model": "views_history.viewshistory", "pk": 9, "fields": {"product_seller": 26, "user": 1, "count": 1, "updated_at": "2024-05-31T15:43:17.168"}}, {"model": "views_history.viewshistory", "pk": 10, "fields": {"product_seller": 28, "user": 1, "count": 15, "updated_at": "2024-05-31T15:43:17.168"}}, {"model": "views_history.viewshistory", "pk": 11, "fields": {"product_seller": 29, "user": 1, "count": 1, "updated_at": "2024-05-31T15:43:17.168"}}, {"model": "views_history.viewshistory", "pk": 12, "fields": {"product_seller": 5, "user": 1, "count": 1, "updated_at": "2024-05-31T15:43:17.168"}}, {"model": "views_history.viewshistory", "pk": 13, "fields": {"product_seller": 19, "user": 1, "count": 1, "updated_at": "2024-05-31T15:43:17.168"}}, {"model": "views_history.viewshistory", "pk": 14, "fields": {"product_seller": 30, "user": 1, "count": 2, "updated_at": "2024-05-31T15:43:17.168"}}, {"model": "views_history.viewshistory", "pk": 15, "fields": {"product_seller": 32, "user": 1, "count": 4, "updated_at": "2024-05-31T15:43:17.168"}}, {"model": "views_history.viewshistory", "pk": 16, "fields": {"product_seller": 33, "user": 1, "count": 2, "updated_at": "2024-05-31T15:43:17.168"}}, {"model": "views_history.viewshistory", "pk": 17, "fields": {"product_seller": 34, "user": 1, "count": 2, "updated_at": "2024-05-31T15:43:17.168"}}, {"model": "views_history.viewshistory", "pk": 18, "fields": {"product_seller": 39, "user": 1, "count": 9, "updated_at": "2024-05-31T15:43:17.168"}}, {"model": "views_history.viewshistory", "pk": 19, "fields": {"product_seller": 41, "user": 1, "count": 2, "updated_at": "2024-05-31T15:43:17.168"}}, {"model": "views_history.viewshistory", "pk": 20, "fields": {"product_seller": 17, "user": 1, "count": 1, "updated_at": "2024-05-31T15:43:17.168"}}, {"model": "views_history.viewshistory", "pk": 21, "fields": {"product_seller": 43, "user": 1, "count": 3, "updated_at": "2024-06-01T17:15:33.119"}}, {"model": "views_history.viewshistory", "pk": 22, "fields": {"product_seller": 45, "user": 1, "count": 2, "updated_at": "2024-05-31T15:43:17.168"}}, {"model": "views_history.viewshistory", "pk": 23, "fields": {"product_seller": 7, "user": 1, "count": 1, "updated_at": "2024-05-31T15:43:17.168"}}, {"model": "views_history.viewshistory", "pk": 24, "fields": {"product_seller": 35, "user": 1, "count": 2, "updated_at": "2024-05-31T15:43:17.168"}}, {"model": "views_history.viewshistory", "pk": 25, "fields": {"product_seller": 22, "user": null, "count": 1, "updated_at": "2024-11-17T18:10:20.477"}}, {"model": "views_history.viewshistory", "pk": 26, "fields": {"product_seller": 44, "user": null, "count": 1, "updated_at": "2024-11-17T18:11:32.404"}}]